median_household_income,state,county
30834,28,151
39007,28,111
37203,28,019
40510,28,057
43060,28,015
36877,28,043
20188,28,063
49447,28,041
41572,28,093
25510,28,119
29912,28,011
58188,28,073
47978,28,081
30910,28,113
30028,28,135
41657,28,129
44883,28,131
43039,28,149
39246,28,023
28176,28,069
33667,28,097
38800,28,105
45820,28,109
33482,28,079
36000,28,103
36875,28,099
64557,28,121
51056,28,137
42290,28,077
36563,28,107
41864,28,161
35939,28,017
40361,28,029
48319,28,039
43005,28,049
33831,28,101
41287,28,145
28799,28,125
39839,28,139
40675,28,035
47543,28,045
47132,28,071
25776,28,055
45355,28,087
26052,28,083
26599,28,157
45566,28,047
30083,28,065
40355,28,085
33735,28,123
36214,28,159
31402,28,163
35974,28,009
40810,28,037
35931,28,061
41263,28,067
40940,28,095
30029,28,133
40683,28,155
29203,28,001
35121,28,025
35931,28,031
28507,28,053
41322,29,123
32752,29,229
43379,29,217
43201,29,195
43349,29,147
46992,29,041
42574,29,079
37727,29,141
34391,29,223
42985,29,017
51730,29,031
44051,29,205
47421,29,225
48385,29,005
46186,29,013
38028,29,015
39415,29,035
39979,29,057
43642,29,115
36143,29,091
53056,29,101
46192,29,105
44436,29,125
42846,29,161
76912,29,165
45774,29,187
55683,29,003
42149,29,033
50380,29,061
40383,29,103
46762,29,127
58476,29,151
33343,29,181
57948,29,219
43761,29,007
57019,29,043
44808,29,077
40168,29,081
38470,29,185
40046,29,001
42965,29,199
42604,29,211
47955,29,045
63030,29,099
47764,29,111
35399,29,143
54964,29,157
55546,29,173
59857,29,177
65300,29,189
46443,29,209
41463,29,009
54043,29,019
39412,29,039
38036,29,055
37188,29,093
47885,29,117
54828,29,135
32534,29,149
44382,29,159
56234,29,186
46610,29,175
34186,29,069
55312,29,071
50372,29,089
52805,29,095
42718,29,131
51665,29,169
37367,29,171
41487,29,213
35277,29,215
50457,29,021
48033,29,025
55376,29,027
67659,29,037
58510,29,049
48750,29,053
41551,29,059
42689,29,075
36190,29,085
61628,29,113
32846,29,133
43973,29,137
49023,29,145
32601,29,153
45753,29,163
81411,29,183
55841,30,017
47141,30,041
52457,30,075
49194,30,067
42904,30,085
38083,30,005
47419,30,051
67272,30,083
51862,30,099
46823,30,101
60750,30,025
54750,30,019
45764,30,045
42237,30,093
41783,30,023
66867,30,043
47500,30,055
41186,30,107
56549,30,087
44196,30,011
59820,30,021
56469,30,007
45488,30,047
45458,30,073
59117,30,111
48930,30,081
55882,30,105
50327,30,027
41905,30,061
44688,30,069
36984,30,089
50202,30,109
43109,30,059
57538,30,009
52966,30,029
46222,30,071
51536,31,001
58009,31,109
54063,31,011
52604,31,149
59625,31,007
51172,31,163
48096,31,147
54399,31,093
57468,31,089
47989,31,065
62545,31,073
51143,31,151
79549,31,153
48149,31,173
70753,31,177
50729,31,015
53684,31,031
53101,31,053
55625,31,059
44471,31,069
39115,31,091
45121,31,123
51922,31,127
67591,31,159
50682,31,171
55017,31,043
42298,31,181
48716,31,003
55562,31,023
56316,31,035
49891,31,041
51662,31,067
64042,31,081
56952,31,099
48901,31,101
52857,31,119
62469,31,135
66718,31,155
62623,31,179
49688,31,103
49752,31,107
56794,31,111
56620,31,139
46875,31,165
71139,31,025
56775,31,051
44350,31,057
47128,31,077
54742,31,079
54828,31,131
46859,31,145
51748,31,045
56538,31,033
53769,31,047
48882,31,117
45833,31,125
62687,31,167
55170,31,175
50344,31,083
50870,31,009
56952,31,019
48500,31,049
42902,31,087
62617,31,141
50734,31,169
56412,31,013
51514,32,001
62503,32,005
50846,32,027
40000,32,009
70373,32,013
41163,32,021
62993,32,033
77209,32,007
56414,32,017
45711,32,023
62284,32,029
61155,32,031
56802,32,003
52034,32,510
55493,32,019
63057,33,005
72478,33,013
63153,33,009
90429,33,015
68368,33,001
60780,33,019
78655,33,011
70650,33,017
45696,33,007
61116,33,003
95699,34,025
90520,34,037
52593,34,011
59302,34,013
68021,34,029
85160,34,015
64309,34,033
66476,34,031
67118,34,007
95837,34,003
78145,34,041
66289,34,017
84992,34,005
111316,34,027
-888888888,35,039
31660,35,047
37218,35,057
42752,35,035
37368,35,006
24085,35,019
42480,35,003
27377,35,029
31674,35,031
36758,35,055
37880,35,017
33783,35,007
62982,35,015
26968,35,033
27075,35,037
42267,35,027
59797,35,025
59192,35,049
30451,35,051
36146,35,053
39164,35,013
53989,36,095
59225,36,067
55178,36,019
54695,36,099
102186,36,079
51696,36,033
63359,36,069
64987,36,081
51789,36,101
57552,36,041
54114,36,115
45332,36,013
56015,36,047
82459,36,061
60736,36,107
56579,36,011
51843,36,073
80839,36,091
91108,36,087
63032,36,021
52380,36,049
54085,36,063
92758,36,119
48827,36,025
56196,36,031
45837,36,057
111240,36,059
79267,36,085
51479,36,097
58743,36,109
50595,36,017
54489,36,023
52268,36,045
53844,36,065
96675,36,103
57914,36,121
53299,36,015
53597,36,075
53121,36,077
55765,36,117
64535,36,001
50859,36,007
55673,36,029
60228,36,053
56256,36,105
59338,36,037
76716,36,071
38306,37,079
44186,37,121
42621,37,041
42072,37,027
51157,37,035
50870,37,049
35516,37,065
51630,37,085
52815,37,089
45466,37,095
64312,37,119
35499,37,131
48667,37,159
37282,37,181
66284,37,053
75397,37,179
50128,37,067
48362,37,127
32378,37,017
58012,37,055
35962,37,185
42850,37,195
33143,37,015
52205,37,073
36525,37,075
39205,37,117
42410,37,115
44947,37,137
45915,37,143
48834,37,149
45006,37,151
42490,37,157
46169,37,169
35512,37,187
63349,37,029
38801,37,043
45716,37,051
49384,37,071
51072,37,081
44028,37,099
57899,37,125
33679,37,155
49590,37,167
76956,37,183
39888,37,199
63531,37,037
40913,37,111
56842,37,101
36892,37,103
48811,37,145
54406,37,019
40978,37,009
43688,37,013
38387,37,107
53318,37,109
49491,37,133
68211,37,135
40347,37,161
39068,37,163
42876,37,197
38134,37,011
42516,37,023
43961,37,033
57611,37,059
38850,37,061
58190,37,063
48873,37,105
52716,37,129
42192,37,191
35617,37,165
34251,37,083
45735,37,001
74931,38,013
70678,38,061
86575,38,105
92604,38,007
57734,38,043
67591,38,019
50962,38,037
64962,38,067
65848,38,091
56761,38,041
59426,38,045
67584,38,059
62031,38,017
70500,38,025
51029,38,029
50739,38,051
48798,38,063
61990,38,077
39884,38,079
54414,38,099
54875,38,001
59882,38,009
57064,38,003
51563,38,027
51951,38,035
80732,38,053
79890,38,057
65648,38,055
48802,38,069
61810,38,073
40862,38,085
65063,38,011
56087,38,033
58144,38,047
53696,38,095
57642,38,093
60074,38,023
60613,38,031
67200,38,081
63942,38,087
75708,38,089
42113,39,053
51559,39,077
37778,39,009
36894,39,001
74243,39,103
82775,39,159
57103,39,021
51933,39,125
67109,39,057
58762,39,049
45464,39,101
41731,39,115
56348,39,169
52940,39,175
63358,39,017
48462,39,067
55131,39,083
47346,39,139
42114,39,163
55644,39,063
66175,39,045
57665,39,039
59083,39,069
44819,39,081
62001,39,137
51354,39,027
46478,39,047
62214,39,129
55150,39,091
55448,39,153
51701,39,143
61042,39,149
53354,27,033
97744,27,139
71669,27,039
65138,27,157
52309,27,117
54508,27,035
55206,27,107
81881,27,171
65027,27,103
60676,27,041
55912,27,051
57112,27,069
67451,27,079
44537,27,087
80409,27,025
53230,27,127
56943,27,173
52872,27,153
47410,27,007
55861,27,013
58729,27,055
52199,27,073
49068,27,077
57131,27,111
55612,27,161
53344,27,137
79923,27,003
60606,27,145
52301,27,081
58723,27,089
53888,27,095
92376,27,163
60390,27,017
53300,27,065
47129,27,071
54962,27,097
65758,27,131
62731,27,147
56588,27,125
45989,27,001
52286,27,043
57500,27,101
59089,27,067
59516,27,075
59890,27,133
62761,27,143
48784,27,155
59278,27,005
74113,27,053
57728,27,015
54552,27,023
46291,27,029
55472,27,057
72473,27,059
53915,27,091
53665,27,099
49138,27,115
74880,27,109
45860,27,159
56357,27,009
52447,27,047
61275,27,085
58132,27,121
58363,27,149
48577,27,151
21093,28,051
31854,28,005
36440,28,013
37312,28,141
37970,28,153
65365,48,015
36125,48,261
55048,48,355
49504,48,089
55229,48,409
49872,48,379
67397,48,381
34813,48,385
44698,48,411
55677,48,413
59286,48,431
30988,48,507
55469,48,057
70087,48,065
46354,48,155
48731,48,161
60492,48,175
47500,48,193
42238,48,197
49670,48,335
42647,48,045
53021,48,285
44975,48,445
53194,48,243
32049,48,247
77416,48,339
51250,48,111
42293,48,479
66563,48,011
45000,48,069
42021,48,273
29944,48,489
37899,48,107
46827,48,151
37382,48,131
63071,48,031
46088,48,241
31468,48,271
51841,48,117
69369,48,167
51792,48,283
73854,48,393
43936,48,457
49352,48,483
47505,48,037
43894,48,043
45926,48,263
53511,48,423
51152,48,105
59105,48,199
51528,48,227
44818,48,289
51774,48,337
51569,48,365
60445,49,027
56877,49,053
48269,49,025
48673,49,019
49886,49,033
77449,49,051
59937,49,003
46809,49,021
53020,49,041
64636,49,057
63919,49,013
44680,49,037
71230,49,035
66736,49,047
81250,49,009
79690,49,011
44694,49,055
50278,49,007
52055,49,015
89274,49,029
56840,49,005
52337,49,017
62237,49,023
54973,50,021
47915,50,019
69583,50,013
60159,50,017
69896,50,007
60365,50,015
58303,50,027
49348,50,005
52659,50,025
65093,50,001
62108,50,023
40978,51,185
124796,51,610
80667,51,685
96831,51,735
45801,51,183
45738,51,820
43028,51,770
57185,51,775
49146,51,710
39212,51,037
121133,51,059
44534,51,081
83048,51,095
39482,51,167
40425,51,173
36466,51,678
50258,51,031
36683,51,089
87321,51,099
50739,51,103
32718,51,105
67009,51,115
51917,51,119
67001,51,149
59817,51,165
39144,51,169
54844,51,181
56176,51,011
52639,51,067
54516,51,097
54641,51,121
79698,51,127
46221,51,049
89741,51,075
42289,51,083
54197,51,113
103445,51,153
54611,51,175
46147,51,091
41927,51,025
64715,51,033
66701,51,073
43553,51,131
40486,51,141
83914,51,145
54805,51,163
54921,51,171
97469,51,061
59192,51,036
73116,51,047
55880,51,053
64979,51,079
88652,51,085
41868,51,111
68481,51,137
30857,51,595
48043,51,197
75790,51,550
43893,51,660
75394,51,003
61541,51,019
68410,51,023
38345,51,195
37904,51,520
50224,51,740
56163,51,830
47794,51,005
43532,51,035
46262,51,191
58677,51,133
47951,51,139
68189,51,187
96733,51,510
63274,51,630
54550,51,650
117374,51,013
40497,51,670
30806,51,027
73250,51,069
106773,51,179
90367,51,199
45117,51,760
62446,51,125
45382,51,143
28071,51,720
74931,51,065
58526,51,007
53797,51,840
43210,51,001
49729,51,063
33969,51,077
42869,51,135
50433,54,033
48418,54,069
37610,54,013
50661,54,065
42296,54,081
42213,54,007
39580,54,001
26547,54,047
36875,54,099
40045,54,109
44783,54,035
39372,54,055
40401,54,097
34312,54,101
60615,54,003
40379,54,019
41071,54,023
40099,54,027
36049,54,089
49772,54,009
46449,54,017
39038,54,025
47186,54,031
48605,54,049
46354,54,057
31305,54,059
45580,54,029
39423,54,041
38468,54,067
39702,54,075
41108,54,095
41094,54,083
47205,54,091
40189,54,105
35875,54,015
35810,54,021
49926,54,061
36493,54,063
42125,54,103
38321,54,011
45426,54,039
41210,54,071
48317,54,077
71610,53,035
89418,53,033
48583,53,051
60711,53,055
42163,53,075
49871,53,077
51752,53,015
41924,53,019
50216,53,041
47770,53,027
64809,53,029
54085,53,069
62002,53,021
54982,53,025
59285,53,073
45808,53,047
55193,53,037
65650,53,005
51111,53,013
50423,53,003
52525,53,023
55726,53,045
49200,53,065
54852,53,063
56135,53,007
55832,55,105
51195,55,137
43280,55,001
52910,55,007
59629,55,065
58178,55,081
72111,55,093
53473,55,141
43861,55,003
72530,55,015
49128,55,037
63676,55,055
60929,55,059
40801,55,051
51872,55,019
81124,55,109
57105,55,083
56086,55,069
57680,55,135
50903,55,005
44555,55,113
53260,55,047
49586,55,077
47497,55,075
59749,55,101
57124,55,139
44313,55,041
52958,55,043
44302,55,107
58943,55,117
46557,55,067
63536,55,087
50905,55,123
65348,55,021
63118,55,061
59963,55,009
59543,55,073
54198,55,085
55865,55,121
48422,55,129
58870,55,027
61106,55,127
48853,55,023
53489,55,071
56732,55,111
49982,55,013
57288,55,017
58287,55,029
52480,55,031
52984,55,053
62785,55,049
82807,55,089
51335,55,103
79916,56,005
55991,56,019
60550,56,025
63923,56,009
39359,56,027
83831,56,039
73008,56,037
47096,56,031
58521,56,033
53435,56,003
64055,56,011
62666,56,029
46865,56,001
60206,56,007
49774,56,015
58235,56,041
53426,56,043
51875,56,017
54242,56,013
78680,56,035
52867,56,045
17201,72,065
19880,72,069
20589,72,101
14120,72,097
31193,72,139
16630,72,115
14155,72,099
23802,72,049
16887,72,123
16889,72,017
14954,72,153
33937,72,061
16080,72,023
19068,72,053
15761,72,109
21591,72,117
17255,72,007
26017,72,021
21320,72,035
19788,72,095
17592,72,111
14812,72,131
28863,72,135
15539,72,147
16013,72,151
25006,72,025
20673,72,029
19833,72,043
29667,72,051
15970,72,019
13319,72,107
19379,72,011
19103,72,037
12812,72,045
16748,72,071
14540,72,081
21792,72,085
22146,72,127
18895,72,143
13262,72,093
19720,72,009
18969,72,077
16846,72,121
12902,72,001
16831,72,027
13242,72,055
19394,72,067
19459,72,091
19356,72,103
19332,72,105
15619,72,125
16533,72,141
18001,72,013
16976,72,015
18253,72,033
20315,72,054
30141,01,099
44515,01,079
48056,01,081
37458,01,107
23132,01,119
34884,01,023
32809,01,091
40978,01,113
40601,01,039
39812,01,041
46265,01,077
30833,01,085
56460,01,083
54887,01,115
38504,01,133
42558,01,043
59347,01,051
39816,01,071
41012,01,121
40794,01,129
53155,01,031
49751,01,103
45182,01,021
47558,01,033
45960,01,045
44023,01,055
39233,01,049
36756,01,075
41449,01,111
46166,01,097
41748,01,127
40188,01,029
21804,01,063
34186,01,005
32152,01,011
45197,01,015
36127,01,025
47990,01,101
42490,01,095
48610,01,067
63417,01,089
43361,01,123
27237,01,131
84196,02,068
66684,02,122
85517,02,016
84688,02,060
78281,02,150
62949,02,188
54212,02,050
75431,02,185
71534,02,220
77095,02,090
70356,02,130
75905,02,170
58987,02,180
58750,02,070
64342,02,100
65833,02,282
88213,02,110
46406,02,164
71541,02,240
40000,02,290
83280,02,020
69706,02,013
72237,02,230
54191,02,198
66907,02,195
35539,02,158
61606,04,013
51352,04,009
40467,04,023
33333,04,012
43266,04,015
57616,04,005
44058,04,027
60962,04,011
55550,04,021
35356,05,123
43822,05,145
37635,05,099
43838,05,037
43014,05,043
36148,05,027
62152,05,125
36897,05,141
40218,05,065
45166,05,079
39748,05,083
39002,05,035
39463,05,047
37406,05,109
38289,05,069
37855,05,097
35509,05,127
43240,05,131
64141,05,007
33051,05,017
37170,05,071
28367,05,077
30234,05,041
36184,05,049
43146,05,051
41914,05,115
41846,05,117
52754,39,161
48572,39,167
49491,39,171
61758,39,011
46306,39,029
52691,39,037
57918,39,123
60231,39,051
48773,39,065
45340,39,079
46924,39,095
56010,39,117
47456,39,121
55374,39,135
49936,39,147
52190,39,151
50552,39,003
44491,39,031
42892,39,033
104322,39,041
43975,39,059
50000,39,073
59417,39,107
48403,39,141
48435,39,035
56965,39,093
57544,39,109
49314,39,113
45975,39,155
59789,39,173
44823,39,007
32986,40,001
46166,40,137
46071,40,025
49216,40,019
56287,40,053
38322,40,055
64492,40,087
37086,40,091
51490,40,099
53253,40,103
39070,40,115
38328,40,135
61566,40,145
56899,40,151
44588,40,015
42689,40,101
38527,40,107
43245,40,013
50114,40,059
45426,40,071
41701,40,035
53902,40,143
71157,40,017
41607,40,057
42363,40,077
47789,40,113
50450,40,139
37457,40,127
51332,40,047
40077,40,069
45346,40,121
47667,40,129
58706,40,153
40936,40,021
39742,40,041
52705,40,045
58177,40,051
40944,40,119
47683,40,125
49578,40,037
40462,40,141
52510,40,149
51623,40,033
38209,40,075
39769,40,079
35829,40,089
54118,40,093
48853,40,097
52855,40,109
48884,40,039
51996,40,007
52007,40,085
48725,40,009
32129,40,023
45757,40,065
49362,40,081
56097,41,047
50851,41,029
45357,41,023
50339,41,031
76597,41,005
52097,41,043
47500,41,057
43921,41,001
43046,41,033
51887,41,059
46061,41,041
59714,41,009
48056,41,055
50973,41,065
49958,41,039
42478,41,045
78010,41,067
55440,41,049
52583,41,007
46396,41,015
42976,41,021
36627,41,037
48617,41,061
71539,42,045
56026,42,119
54851,42,127
58916,42,043
38383,42,053
63931,42,089
43744,42,101
58866,42,129
47969,42,013
45901,42,021
61522,42,011
48597,42,061
48860,42,073
47526,42,087
68895,42,041
58383,42,003
57638,42,109
53059,42,115
49144,42,039
49716,42,049
51259,42,057
52765,42,067
49190,42,107
59308,42,131
64507,42,001
49032,42,005
49234,42,035
53624,42,025
58055,42,027
47063,42,097
67565,42,095
41485,42,023
47982,42,121
55828,42,007
86055,42,017
50875,42,069
46953,42,083
44476,42,051
88166,42,091
54121,42,059
59114,42,075
51646,42,079
57183,42,093
49889,42,037
68472,42,019
46818,42,065
63823,42,071
62266,42,099
42821,42,105
50667,42,117
55233,44,007
75578,44,001
77237,44,005
50036,45,003
42765,45,071
49200,45,037
37525,45,027
36276,45,029
43792,45,085
59593,45,063
36566,45,011
59995,45,015
36254,45,031
48071,45,043
62431,45,091
47906,45,007
40033,45,025
40982,45,047
48279,45,051
49392,45,055
36188,45,075
36685,45,001
32229,45,009
44534,45,017
29362,45,033
53922,45,079
36294,45,039
32453,45,049
56789,45,045
55223,45,057
61698,45,035
45479,45,041
41578,45,059
42262,45,065
47024,45,077
40120,45,087
32351,45,089
59293,46,003
62532,46,051
51027,46,123
33438,46,071
60028,46,099
55472,46,033
54891,46,069
47798,46,025
53889,46,049
59375,46,077
52123,46,129
43189,46,027
44145,46,037
57419,46,043
57365,46,063
43804,46,089
50495,46,109
64028,46,119
81422,46,083
59232,46,079
52245,46,081
54774,46,029
44387,46,019
35441,46,031
68551,46,045
52500,46,021
48348,46,007
37420,46,055
41103,46,075
59218,46,093
55380,46,125
56455,46,013
63036,46,061
62234,46,087
31222,46,095
56850,46,105
55024,46,103
69563,46,127
51394,46,097
37143,46,137
57930,46,039
54450,46,009
50839,46,015
50837,46,047
44479,46,053
30347,46,102
54249,47,119
41352,47,173
55972,47,125
50549,47,043
40166,47,129
36987,47,061
38327,47,123
40837,47,079
33614,47,029
42047,47,033
44134,47,041
34966,47,095
54437,47,093
37139,47,101
41398,47,107
49370,47,117
39866,47,131
39451,47,143
35453,47,151
60167,47,167
49376,47,001
43762,47,045
35084,47,049
41886,47,053
53035,47,065
56078,47,105
63846,47,149
46404,47,159
71513,47,189
43442,47,163
37715,47,177
46752,47,179
33125,47,005
38170,47,013
49523,47,015
59017,47,047
28990,47,067
34151,47,091
45736,47,103
52294,47,127
49038,47,051
54140,47,009
36589,47,019
42997,47,057
37915,47,097
41553,47,099
48024,47,115
36558,47,133
64631,47,165
52864,47,169
109026,47,187
31487,47,027
40138,47,059
49782,47,157
37127,47,175
42430,47,077
41998,47,081
47264,47,089
51750,47,153
45943,47,155
40810,47,017
45667,47,023
56507,47,037
36703,47,087
34634,47,135
50003,47,145
43250,47,121
42589,47,063
38362,47,075
48819,48,143
79270,48,039
43750,48,345
43224,48,129
55265,48,013
43981,48,083
44346,48,353
29318,48,229
61059,48,325
64630,48,475
45798,48,213
51202,48,203
40606,48,327
43562,48,277
56297,48,149
83679,48,491
46182,48,373
48112,48,391
52278,48,055
48773,48,487
70478,48,383
47080,48,189
40764,48,419
41732,48,399
44658,48,407
51675,48,451
55631,48,469
57654,48,473
46575,48,485
72445,48,493
48116,48,219
38035,48,323
78888,48,329
55766,48,297
52178,48,299
50761,48,147
52252,48,255
46839,48,041
45345,48,067
59032,48,165
47170,48,179
49428,48,313
51700,48,237
82390,48,259
50882,48,035
55456,48,029
46485,48,017
40750,48,023
37132,48,061
83376,48,121
56237,48,477
42961,48,343
45336,48,429
60146,48,201
74233,48,003
58325,48,171
53006,48,177
43524,48,305
47194,48,503
31113,48,505
59049,48,221
51877,48,223
49928,48,357
65125,48,269
46146,48,275
48199,48,309
46044,48,073
43355,48,095
46138,48,119
40313,48,137
35325,48,133
45694,48,253
58384,48,389
33257,48,403
56576,48,421
38418,48,437
51928,48,231
42604,48,063
39229,48,195
70931,48,187
51191,48,077
48823,48,217
43598,48,347
54184,48,369
27061,48,377
45521,48,465
60676,48,135
75833,48,173
50298,48,185
94192,48,085
47714,48,005
34375,48,101
65935,48,209
57372,48,295
45500,48,321
52282,48,371
94767,48,397
52329,48,401
44196,48,447
41855,48,471
48534,48,499
44865,48,007
40794,48,075
45551,48,081
51440,48,099
63778,48,211
51527,48,341
47920,48,349
35509,48,405
45187,48,417
29294,48,427
52257,48,461
62941,48,021
32921,48,191
52944,48,159
42476,48,163
58194,48,281
40708,48,319
41618,48,125
64874,48,439
43355,48,001
60276,48,239
47081,48,331
47893,48,093
27378,48,047
48178,19,029
54658,19,035
53609,19,047
49977,19,057
50015,19,065
60063,19,085
54146,19,109
69177,19,129
45252,19,133
57348,19,139
58125,19,143
66044,19,153
44261,19,187
54554,19,169
55483,19,193
52688,19,013
66965,19,075
54070,19,097
56012,19,105
48571,19,111
55553,19,131
74383,19,181
54958,19,161
64296,19,149
47874,19,041
50156,19,045
43438,20,183
55455,20,067
58483,20,095
58644,20,131
64657,20,149
41103,20,021
63272,20,015
46196,20,105
54915,20,191
56810,20,195
46208,20,205
34621,20,207
51033,20,135
48355,20,141
40733,20,011
45000,20,075
51336,20,097
55199,20,177
52847,20,181
57478,20,193
45173,20,125
50352,20,127
48125,20,153
50511,20,163
50368,20,025
48188,20,053
49455,20,077
52806,20,167
44191,20,111
42853,20,145
42679,20,001
56912,20,033
38494,20,049
48894,20,063
56051,20,079
53854,20,083
51314,20,093
48563,20,185
57765,20,113
55036,20,139
51250,20,071
58636,20,031
40174,20,037
52700,20,051
42595,20,073
47668,20,099
43699,20,107
54974,20,173
47025,20,175
48022,20,157
40769,20,065
84915,20,091
55832,20,045
56071,20,179
69150,20,121
64426,20,069
58875,20,199
56507,20,189
48889,20,201
38690,20,019
43925,20,129
49174,20,155
44143,20,029
49338,20,043
53527,20,081
51719,20,101
71394,20,171
44294,20,133
48547,20,013
48272,20,147
49910,20,161
44104,20,039
61793,20,087
40061,21,031
41360,21,061
49696,21,097
45827,21,023
50097,21,143
33377,21,063
54357,21,111
41779,21,123
41415,21,161
50475,21,167
38864,21,201
36159,21,207
50794,21,229
44350,21,007
40216,21,009
37374,21,087
52019,21,091
35125,21,159
53168,21,093
50445,21,149
42826,21,183
36958,21,197
40947,21,233
44940,21,033
34457,21,045
41235,21,047
37906,21,085
51447,21,103
45738,21,107
32143,21,109
39230,21,125
50731,21,157
57963,21,163
41974,21,173
41354,21,181
97597,21,185
45338,21,187
36468,21,203
66966,21,209
52007,21,227
40893,21,003
51462,21,017
46165,21,019
60534,21,029
43169,21,055
54918,21,067
28559,21,075
37559,21,115
39905,21,165
34419,21,175
31046,21,193
22458,21,237
26250,21,051
24628,21,013
26376,21,025
41615,21,083
37795,21,099
34039,21,231
38544,21,155
52279,21,221
75043,21,015
30798,21,131
28790,21,121
31813,21,127
46076,21,139
34081,21,195
64240,21,211
54160,21,005
48189,21,027
55068,21,073
61606,21,117
48687,21,151
29516,21,153
25530,21,189
48311,21,213
39055,21,217
41865,21,219
39664,21,039
31115,21,053
50204,21,077
49888,21,079
42213,21,069
59782,21,037
50690,22,113
66620,22,089
31813,22,029
23870,22,107
50661,22,093
40792,22,043
52558,22,051
30300,22,013
53806,22,015
55000,22,023
48129,22,037
54821,22,095
52386,22,075
41314,22,073
44852,22,079
34985,22,117
33288,22,097
46297,22,105
41177,22,001
40485,22,101
36528,22,123
67706,22,103
43083,22,111
32174,22,021
40866,22,017
21161,22,035
76589,22,005
54726,22,055
45274,22,045
46011,22,087
39895,22,091
60908,22,121
44230,22,031
33446,22,081
63159,22,063
27795,22,069
39576,22,071
38854,22,025
49452,22,019
35466,22,041
44744,22,007
38523,22,049
34422,22,083
47974,22,099
35398,22,127
52719,22,033
41009,22,003
27810,22,065
47275,23,017
51564,23,027
49374,23,019
51412,23,001
39824,23,003
69708,23,005
55402,23,013
65538,23,031
48053,23,007
42491,23,025
61145,24,047
48840,24,510
67204,24,041
85942,24,025
117730,24,027
97810,24,003
74127,24,005
104301,24,009
49619,24,023
106287,24,031
93363,24,013
92167,24,035
90438,24,037
95924,24,017
52145,24,019
59719,24,043
56608,24,045
72845,24,015
54956,24,011
64582,25,025
70621,25,001
71224,25,007
97012,25,017
56674,25,003
66157,25,005
53403,25,013
85654,25,023
75878,25,009
59522,25,011
99511,25,021
67044,25,015
105171,25,019
61514,26,115
59883,26,005
48392,26,059
46007,26,003
46217,26,127
63831,26,089
37369,26,035
49779,26,083
44408,26,073
67468,26,139
47694,26,157
41991,26,007
54343,26,067
59271,26,111
49135,26,021
40255,26,135
47443,26,039
67482,26,037
44991,26,057
46320,26,063
53972,26,091
49663,26,105
47000,26,117
50117,26,149
55240,26,147
69434,26,161
40769,26,011
53571,26,027
38918,26,071
40302,26,143
45321,26,163
50536,26,023
51431,26,075
46507,26,097
52589,26,009
42852,26,061
42102,26,069
34631,26,085
42305,26,119
46439,26,141
54431,26,077
44460,26,107
50771,26,103
46724,26,123
42689,26,133
52645,26,137
47426,26,025
46161,26,031
42255,26,095
60351,26,081
60466,26,099
46919,26,145
54742,26,155
42444,26,013
48005,26,017
53207,26,029
62474,26,045
46490,26,041
38798,26,053
54055,26,047
31023,05,147
43391,05,023
42460,05,025
33174,05,067
41355,05,057
33708,05,135
36162,05,137
49629,05,143
41481,05,005
39635,05,003
45868,05,031
47497,05,055
32412,05,073
46071,05,105
29263,05,107
39277,05,111
46667,05,133
42361,05,149
44022,05,013
39752,05,019
39510,05,011
35190,05,095
37035,05,113
34887,05,103
39896,05,101
45388,05,081
43505,05,015
41903,05,091
42475,06,033
51199,06,043
52624,06,115
93712,06,013
56362,06,035
71657,06,083
76753,06,097
45834,06,025
63018,06,051
92574,06,001
63902,06,067
84753,06,055
66676,06,053
48125,06,091
74855,06,073
65923,06,113
45528,06,023
64688,06,003
49233,06,045
78041,06,087
64251,06,037
63948,06,065
116178,06,085
110217,06,041
44200,06,093
50905,06,089
45258,06,015
47395,06,021
48443,06,007
53270,06,063
70699,06,079
52479,06,029
85398,06,059
58151,06,009
56955,06,101
113776,06,081
56493,06,109
61145,06,077
61198,06,005
50724,08,095
50753,08,007
63793,08,031
39784,08,061
36705,08,055
37500,08,009
54580,08,015
75120,08,047
51046,08,063
72898,08,045
54979,08,051
78943,08,059
61058,08,079
62230,08,091
55543,08,103
45188,08,115
34746,08,021
30593,08,023
67575,08,001
84685,08,037
46918,08,065
52807,08,081
71244,08,097
55227,08,017
37586,08,025
41714,08,033
48828,08,057
67664,08,069
46797,08,083
64478,08,113
78642,08,013
41945,08,071
48394,08,125
74273,08,107
77589,08,117
69936,08,019
44512,08,029
44634,08,101
51626,08,087
66861,08,093
53683,08,077
40097,08,099
65334,08,041
49375,08,121
73925,08,005
89624,08,014
67128,09,009
72321,09,003
64774,09,015
84761,09,007
84916,09,013
70996,10,003
60853,10,005
82604,11,001
62048,12,091
36934,12,123
37188,12,133
53473,12,031
46197,12,007
54359,12,009
62653,12,019
39543,12,067
51884,12,069
66297,12,089
51454,12,103
48500,12,105
49373,12,111
39879,12,043
40728,12,051
52336,12,061
39002,12,063
59943,12,099
77323,12,109
63760,12,117
48982,12,086
51829,12,005
53872,12,035
42855,12,037
34583,12,047
37363,12,077
55228,12,119
40922,12,039
38608,12,059
54691,12,071
43361,12,083
65675,12,021
54335,12,095
50417,12,101
37314,12,055
42686,12,121
35057,12,027
38609,12,013
44491,12,023
38237,12,029
35649,12,107
41770,12,125
56036,12,081
37634,12,075
61769,12,003
46760,12,127
51201,12,073
35509,12,079
49286,12,033
46030,12,053
31725,13,037
31999,13,193
39931,13,021
44309,13,197
41276,13,249
45029,13,023
35629,13,093
40198,13,119
65153,13,103
41464,13,171
34946,13,107
30000,13,239
43284,13,159
39813,13,167
45959,13,179
37027,13,205
34338,13,253
42790,13,277
33037,13,289
43491,13,233
36213,13,263
33442,13,269
38015,13,273
40112,13,275
36575,13,279
37583,13,319
32705,13,017
42773,13,033
55125,13,047
46453,13,053
36107,13,055
76938,13,073
39148,13,087
46367,13,115
101743,13,117
49140,13,137
41390,13,185
36351,13,199
54050,13,207
36205,13,261
31797,13,265
37188,13,007
41845,13,035
32937,13,043
49608,13,045
43257,13,079
35096,13,081
70717,13,077
75153,13,067
44471,13,083
58370,13,297
34322,13,027
35757,13,091
37943,13,105
87272,13,113
27311,13,165
53309,13,217
64512,13,227
35472,13,071
65805,13,085
45778,13,063
59898,13,139
31984,13,141
39199,13,189
62530,13,211
48094,13,149
37633,13,095
45647,13,111
58770,13,153
37369,13,175
42671,13,255
30288,13,271
44978,13,291
38092,13,303
46288,13,311
66467,13,223
58765,13,231
40644,13,245
38034,13,267
37163,13,019
43650,13,295
67769,13,135
57348,13,013
40283,13,049
25236,13,065
55452,13,015
62147,13,097
42348,13,131
36531,13,161
40728,13,209
44927,13,221
30914,13,243
57049,13,247
39887,13,299
44869,13,305
27626,13,309
36077,13,315
39426,13,009
41789,13,031
36889,13,059
34447,13,101
50672,13,127
46353,13,143
34300,13,163
53155,13,169
45238,13,213
45389,13,215
40902,13,241
25385,13,259
37606,13,283
32339,13,155
34877,13,003
36964,13,005
37031,13,025
37206,16,087
50918,16,031
43001,16,045
55299,16,085
45319,16,003
54174,16,069
54457,16,055
41326,16,061
50778,16,083
40430,16,073
53942,16,015
42250,16,023
59611,16,029
63137,16,001
49739,16,005
51288,16,011
38393,16,025
49143,16,027
60162,16,051
45466,16,057
50289,16,075
46507,16,009
35341,16,033
46715,16,039
53311,16,043
39091,16,079
39113,16,049
59297,15,001
77117,15,009
78482,15,007
61875,15,005
56747,17,083
65034,17,155
55591,17,039
44432,17,051
57901,17,103
57899,17,107
53778,17,117
48724,17,159
41167,17,165
59469,17,189
50304,17,135
53828,17,195
51398,17,001
65010,17,027
61086,17,037
49766,17,047
54951,17,079
47617,17,081
83504,17,197
49053,17,199
54218,17,041
50180,17,057
46052,17,061
43081,17,069
57250,17,073
43709,17,095
86244,17,097
42604,17,127
53973,17,171
51997,17,017
56243,17,099
51549,17,067
74140,17,063
57981,17,091
88711,17,043
60466,17,167
69102,17,129
62088,17,031
59707,17,141
48508,17,137
48016,17,177
47773,17,193
71867,17,203
52712,17,071
84803,17,111
65813,17,113
48298,17,145
42664,17,149
52630,17,161
53681,17,163
51432,17,185
54392,17,013
53376,17,035
57083,17,085
76912,17,089
45654,17,101
58762,17,009
55901,17,123
51825,17,075
52415,17,021
48691,17,025
42500,17,059
37802,17,077
81268,17,133
54770,17,143
49182,17,181
52743,17,201
69271,17,147
33799,17,153
46151,17,169
52260,17,175
51109,17,045
58097,17,005
66898,17,007
55940,17,011
51228,17,015
44071,17,029
49233,17,033
47075,18,105
49887,18,045
55399,18,039
43875,18,025
47545,18,017
46692,18,097
53021,18,021
78355,18,063
58382,18,047
42593,18,053
49506,18,071
50869,18,067
48667,18,119
45601,18,135
61153,18,183
61455,18,013
52488,18,023
48227,18,161
51032,18,027
65096,18,029
46457,18,083
52092,18,093
51064,18,123
48370,18,131
62583,18,129
61148,18,171
48377,18,165
53402,18,003
54622,18,031
61754,18,043
49801,18,079
68712,18,081
62462,18,109
52620,18,051
45341,18,117
58402,18,085
54229,18,099
46943,18,163
42217,18,009
47123,18,143
57132,18,061
51101,18,091
50637,18,169
59574,18,073
51224,18,101
68044,18,127
59214,18,145
56295,18,137
56998,18,147
46517,18,153
55479,18,159
51844,18,157
43859,18,167
70648,18,173
94644,18,057
53808,18,033
60675,18,087
59045,18,005
50535,18,139
80567,18,011
49333,18,049
54249,18,089
53610,18,107
55033,18,113
51713,18,001
43317,18,041
61179,19,055
45017,19,185
64862,19,113
58803,19,163
53045,19,141
65475,19,011
61321,19,061
56273,19,079
49877,19,151
47518,19,175
47083,19,177
52005,19,159
51859,19,001
50397,19,009
51571,19,039
58464,19,051
55969,19,093
51043,19,107
49549,19,135
45233,19,179
67178,19,167
50800,19,025
65791,19,031
52902,19,033
54050,19,073
53872,19,083
50206,19,117
51002,19,189
52462,19,147
41111,19,007
58570,19,095
55727,19,099
62820,19,191
53520,19,157
54027,19,127
61111,19,015
68023,19,017
52742,19,089
48542,19,063
61167,19,081
64512,19,121
58492,19,125
50198,19,197
65264,39,097
45276,39,119
83288,27,037
55525,27,083
57886,27,129
52271,27,031
61856,27,093
59036,27,113
54935,27,167
65000,27,027
59451,27,045
57151,27,119
59644,27,135
51097,27,165
51920,27,011
50173,27,021
64765,27,049
57010,27,063
54149,27,105
85818,27,141
97895,27,019
53022,27,061
62304,27,123
55529,27,169
71690,28,089
31446,28,091
46698,48,449
49850,48,291
61709,48,497
42005,48,249
27832,48,127
95561,48,157
54706,48,235
57646,48,097
44657,48,115
56235,48,051
48463,48,245
63315,48,359
44597,48,141
33750,48,443
41752,48,463
64476,48,009
38398,48,215
53162,48,425
46013,48,207
41827,48,333
40950,48,351
71020,49,045
100453,49,043
39440,49,031
54212,49,001
51720,49,039
70408,49,049
64258,50,011
53040,50,003
41045,50,009
34273,51,530
36135,51,730
111574,51,600
78462,51,683
70664,51,800
80214,51,041
71376,51,093
40375,51,620
58933,51,540
68572,51,087
68720,51,101
59343,51,109
46189,51,147
49831,51,159
85330,51,177
77936,51,043
42025,51,117
61305,51,015
29226,51,051
136268,51,107
65467,51,161
53716,51,570
50511,51,021
46261,51,029
39432,51,580
74186,51,810
31938,51,640
54268,51,193
52638,51,155
36301,51,590
49170,51,009
46137,51,017
51884,51,700
43374,51,680
33224,51,690
52681,51,057
48049,51,790
36743,51,750
55484,51,045
52478,51,071
68438,51,157
44472,54,085
37679,54,043
59626,54,079
38642,54,005
43918,54,051
45655,54,093
34300,54,087
45958,54,107
40347,54,053
48563,54,073
76503,54,037
38123,54,045
54471,53,031
44846,53,049
58598,53,059
49913,53,009
54056,53,039
60452,53,017
67868,53,053
56533,53,071
82751,53,061
69592,53,067
71636,53,011
49142,53,001
62865,53,057
50744,53,043
51698,55,119
46742,55,099
48742,55,079
56268,55,033
62699,55,045
54143,55,115
43872,55,078
57134,55,011
55479,55,063
55711,55,035
56932,55,095
84331,55,133
44285,55,125
51056,55,057
74062,55,131
70541,55,025
59373,55,039
53140,55,091
57368,55,097
64519,56,023
64220,56,021
20845,72,075
17640,72,133
16374,72,057
33661,72,063
17402,72,087
16693,72,005
13435,72,083
19855,72,149
29434,72,031
15088,72,047
17173,72,113
24899,72,137
16347,72,003
19949,72,041
20829,72,089
18821,72,129
15071,72,039
15424,72,073
22509,72,119
19096,72,145
16922,72,059
13747,72,079
35392,01,093
51979,01,073
40459,01,059
41014,01,019
31602,01,047
32074,01,087
75761,01,117
55962,01,003
45496,01,069
52221,01,125
41225,01,027
34678,01,109
38301,01,037
30571,01,065
35000,01,053
39109,01,013
23561,01,105
33177,01,035
45340,01,007
39872,01,017
37458,01,057
48695,01,009
58786,01,001
38142,01,061
82306,02,261
63603,02,105
57583,02,275
51037,04,019
42092,04,007
48649,04,003
32963,04,001
50180,04,025
40054,04,017
50093,05,119
33935,05,021
36628,05,039
36870,05,121
43262,05,009
43523,05,063
51920,05,053
51930,05,045
35518,05,089
36390,05,129
46619,05,033
41262,05,059
43891,05,087
35900,05,061
37237,05,093
44000,05,139
79956,39,055
63475,39,085
48502,39,023
62111,39,075
43956,39,111
83330,39,165
52730,39,005
38706,40,133
50391,40,011
40000,40,029
60656,40,073
45828,40,095
41895,40,105
62949,40,131
59569,40,003
62863,40,027
38821,40,005
50037,40,043
62035,40,083
52103,40,147
39375,40,061
42175,40,111
37319,40,067
45066,40,049
49235,40,123
39265,40,063
52227,40,031
47413,40,117
45812,41,019
58344,41,053
63680,41,017
59484,41,071
43522,41,035
58655,41,003
44524,41,013
41797,41,025
44953,41,063
33456,41,069
43308,41,011
62935,41,027
64337,41,051
59713,42,055
49146,42,009
48224,42,111
63902,42,133
51457,42,015
96726,42,029
46877,42,063
61567,42,125
64247,42,103
62178,42,077
45625,42,031
47270,42,033
52407,42,081
48409,42,123
51112,42,047
48768,42,085
47346,42,113
70223,44,003
81301,44,009
24560,45,005
40080,45,023
33046,45,067
46056,45,073
61028,45,019
34203,45,069
35836,45,021
41930,45,053
31651,45,061
50179,45,083
63110,45,013
44486,45,081
54868,46,067
32500,46,017
43954,46,041
63564,46,065
54899,46,111
52438,46,059
54694,46,135
51700,46,005
47772,46,035
49519,46,073
71763,46,117
53600,46,107
46389,46,023
63594,46,091
58167,46,101
24257,46,121
53263,46,085
52729,46,115
56370,46,011
65050,46,057
43964,47,083
39798,47,071
38651,47,069
41818,47,139
40745,47,185
39851,47,171
38566,47,183
42889,47,007
47998,47,031
40335,47,073
36246,47,111
61774,47,147
58641,47,021
47528,47,055
46223,47,113
41004,47,137
38634,47,181
48945,47,003
43893,47,035
36077,47,025
41510,47,085
40888,47,141
42269,47,161
40233,47,039
36055,47,109
48140,47,011
42500,48,267
51935,48,467
69722,48,317
68814,48,501
37955,48,387
60543,48,435
50906,48,459
49619,48,481
81985,48,033
37283,48,315
54370,48,181
45979,48,363
53779,48,123
44602,48,059
49287,48,183
50473,48,303
65390,48,257
48555,48,153
76850,48,071
54184,48,027
50651,48,233
55700,48,361
59167,48,495
59238,48,053
56854,48,113
68750,48,311
62066,48,251
59280,48,205
42680,48,293
74625,48,367
33417,48,109
55039,48,169
71767,48,453
42750,48,087
43396,48,279
81875,48,301
37519,28,117
51142,28,059
37822,28,143
26732,28,021
41704,28,075
37946,28,127
34756,28,007
30009,28,027
29804,28,147
41379,28,115
40180,28,003
65169,28,033
44085,29,129
68367,29,047
39916,29,065
52500,29,227
41107,29,510
39058,29,023
45610,29,087
45862,29,139
40567,29,207
39621,29,221
50000,29,063
54661,29,107
39697,29,197
52087,29,029
46929,29,097
42019,29,119
44892,29,167
40929,29,179
42231,29,201
41625,29,011
57587,29,051
53439,29,073
40007,29,121
33390,29,155
32180,29,203
34372,29,067
43911,29,083
43373,29,109
40942,30,015
38287,30,053
42292,30,103
49514,30,097
47250,30,079
31029,30,035
39952,30,037
63785,30,095
48958,30,039
50247,30,057
54321,30,091
46365,30,003
62130,30,049
51270,30,063
48160,30,013
45893,30,033
49652,30,077
61499,30,031
44809,30,001
41612,30,065
41719,31,161
42049,31,129
51855,31,063
61688,31,055
55833,31,029
43854,31,005
49235,31,061
43295,31,095
53125,31,115
57241,31,137
50157,31,157
43856,31,105
54197,31,121
51482,31,021
55190,31,039
39479,31,075
45515,31,085
58978,31,027
52794,31,097
48545,31,071
46314,31,133
52083,31,183
59779,31,185
56528,31,037
51607,31,113
61962,31,143
41550,31,017
93583,32,015
77625,32,011
79990,34,021
111772,34,035
59989,34,001
85954,34,023
63690,34,009
77095,34,039
112535,34,019
115248,35,028
45084,35,061
51643,35,001
31028,35,011
36339,35,023
59420,35,043
46182,35,009
30875,35,021
50582,35,045
43197,35,005
37936,35,059
40775,35,041
38085,36,005
50248,36,035
65851,36,083
51862,36,043
49305,36,089
59813,36,113
78028,36,027
57479,36,055
63348,36,111
56071,36,051
53617,36,039
47033,36,003
47240,36,009
63785,36,093
54343,36,123
49800,37,087
37558,37,005
40393,37,045
55628,37,077
47535,37,093
58198,37,097
44315,37,147
40294,37,039
40829,37,193
44961,37,003
54428,37,031
48279,37,139
36773,37,173
39126,37,007
53175,37,069
43597,37,113
46629,37,175
36398,37,047
42346,37,123
36091,37,153
41068,37,171
50668,37,021
64174,37,025
47271,37,057
37005,37,091
52989,37,141
45268,37,189
35472,37,177
62870,38,097
60918,38,021
67753,38,101
62637,38,049
44313,38,005
68182,38,075
69719,38,015
68333,38,065
57313,38,071
52794,38,039
49261,38,083
57989,38,103
44682,39,099
39731,39,145
43591,39,105
43729,39,131
54976,39,061
44372,39,087
51170,39,157
52356,39,015
52270,39,043
62715,39,089
52394,39,019
64822,39,025
43297,39,071
56618,39,133
49361,39,013
48811,39,127
54201,48,395
50818,48,441
40407,48,455
53683,48,019
42798,48,079
75356,48,091
34297,48,225
43157,48,375
55889,48,415
48000,48,433
45457,48,049
42032,48,025
70398,48,103
45329,48,307
55000,48,287
72213,48,139
52473,48,265
38032,48,145
47648,19,137
52950,19,123
61409,19,019
42614,19,053
55904,20,085
51597,20,109
44873,20,209
56186,20,027
50515,20,169
60450,20,197
45221,20,123
48667,20,005
56573,20,055
71184,20,103
46726,20,187
55568,20,119
54029,20,151
46274,20,003
49185,20,061
53072,20,057
50234,20,117
46833,20,023
48087,20,035
55486,20,059
42552,20,089
50764,20,159
46295,20,017
57566,20,203
49891,20,137
50198,20,009
49293,20,047
40598,20,165
51262,20,115
51971,20,143
50613,20,007
48167,20,041
47470,21,223
40463,21,105
57469,21,179
45610,21,081
43842,21,141
52620,21,191
77738,21,215
40837,21,011
43274,21,021
26324,21,095
39833,21,137
34167,21,171
42844,21,225
40219,21,035
49836,21,059
45389,21,101
29326,21,119
43110,21,177
37921,21,199
39346,21,001
32906,21,057
23972,21,129
31096,21,135
62629,21,239
56728,21,113
29856,21,133
44486,21,145
36897,21,235
31267,21,071
23273,21,147
35809,21,169
37639,21,205
52938,21,049
43258,21,041
31337,21,065
49343,21,089
33067,21,043
53089,22,057
39653,22,053
55510,22,125
50738,22,011
32180,22,039
34154,22,061
30358,22,119
47797,22,047
33333,22,067
48866,22,109
27303,22,027
38077,22,009
44269,22,077
47772,22,115
39465,22,085
36868,22,059
55180,23,015
39470,23,021
41384,23,029
62131,23,023
52929,23,011
53068,23,009
42165,24,039
44065,24,001
81969,24,033
91999,24,021
56009,24,029
71895,25,027
44483,26,033
76387,26,125
48329,26,121
58952,26,087
45277,26,151
38906,26,131
39735,26,001
46004,26,079
40150,26,129
44166,26,165
48966,26,043
50940,26,065
45508,26,109
44766,26,113
52351,26,159
61016,26,015
56639,26,019
40747,26,153
61485,26,055
47006,26,049
80897,26,093
47172,26,101
43290,26,051
38528,05,075
41196,05,029
39466,05,001
57509,05,085
50129,06,047
45149,06,049
52874,06,027
57387,06,099
42899,06,103
81977,06,069
80582,06,017
104552,06,075
47518,06,107
63240,06,057
52884,06,039
38497,06,105
60164,06,071
84357,06,061
77609,06,095
56704,06,011
53865,06,031
51261,06,019
84017,06,111
70908,08,123
44644,08,027
115314,08,035
64372,08,067
38639,08,105
34392,08,011
46563,08,111
48922,08,075
65382,08,119
96658,08,039
49423,08,073
39191,08,003
46296,08,043
48739,08,085
34410,08,109
52188,08,053
70469,08,049
34136,08,089
78314,09,005
71368,09,011
92969,09,001
58775,10,001
56137,12,057
62778,12,129
44291,12,045
50063,12,097
53785,12,131
48173,12,065
37594,12,049
40367,12,093
42357,12,041
49078,12,001
49225,12,015
57959,12,085
58644,12,115
41424,12,017
66242,12,113
57333,12,011
67023,12,087
46970,13,313
43850,13,285
74261,13,145
46076,13,321
39701,13,109
35755,13,307
41686,13,125
54911,13,051
39104,13,173
51701,13,195
41358,13,147
47114,13,191
51245,13,237
34730,13,301
71322,13,029
56397,13,039
31567,13,099
38266,13,069
49389,13,123
35106,13,317
44313,13,129
79670,13,057
65420,13,177
49755,13,133
38408,13,075
64787,13,121
47488,13,187
42927,13,201
88308,13,219
68609,13,151
55439,13,183
43416,13,257
36529,13,293
42802,13,225
44167,13,229
37588,13,251
45373,13,011
25000,13,061
59280,13,089
62495,13,157
41014,13,181
38770,13,235
43927,13,281
38341,13,287
39561,13,001
49985,16,077
51058,16,071
48222,16,063
56613,16,041
49306,16,053
50663,16,067
51968,16,013
43507,16,021
48638,16,047
54265,16,007
56609,16,019
42348,16,035
37921,16,059
48710,16,017
39957,16,037
36031,16,065
68818,16,081
82906,15,003
45384,17,183
54158,17,023
56293,17,049
56862,17,065
50923,17,087
56200,17,105
62342,17,179
49607,17,187
57890,17,119
58011,17,131
34709,17,003
52107,17,157
50444,17,115
49764,17,191
41414,17,055
43724,17,109
59623,17,139
40671,17,151
51157,17,173
51692,17,019
51120,17,053
91764,17,093
46102,17,121
45596,17,125
48895,18,149
49177,18,055
44228,18,177
58994,18,037
73142,18,059
61148,18,115
48788,18,121
46188,18,007
56169,18,133
47078,18,175
48235,18,065
47436,18,095
52527,18,125
56101,18,151
56265,18,179
42705,18,035
51119,18,077
47460,18,103
53146,18,111
50938,18,141
47929,18,155
56429,18,015
52208,18,069
55086,18,181
44772,18,075
54240,18,019
43378,19,101
51057,19,005
84790,19,049
55999,19,023
54281,19,071
48717,19,173
54329,19,195
49229,19,003
55385,19,037
58099,19,059
61640,19,103
55898,19,171
53742,19,069
57674,19,027
48110,19,067
53943,19,115
64352,19,119
55489,19,165
52428,19,087
49974,19,145
57467,19,155
52828,19,043
54556,19,021
57075,19,077
52219,19,091
61769,19,183
