pct_households_below_poverty,state,county
28.1,28,151
13.6,28,111
16.2,28,019
11.5,28,057
11.4,28,015
18.4,28,043
42.7,28,063
10.6,28,041
14.2,28,093
25.6,28,119
27.9,28,011
11.2,28,073
12.1,28,081
27.8,28,113
25.2,28,135
13.1,28,129
12.7,28,131
17.4,28,149
15.2,28,023
22.8,28,069
23.5,28,097
16.5,28,105
12.9,28,109
19.8,28,079
27.2,28,103
19.0,28,099
5.5,28,121
18.3,28,137
15.2,28,077
16.3,28,107
11.5,28,161
18.7,28,017
19.0,28,029
9.4,28,039
17.0,28,049
20.7,28,101
12.3,28,145
17.0,28,125
13.3,28,139
18.2,28,035
16.0,28,045
11.9,28,071
37.5,28,055
18.2,28,087
34.5,28,083
26.9,28,157
16.5,28,047
21.5,28,065
17.2,28,085
21.8,28,123
18.6,28,159
26.3,28,163
21.5,28,009
14.0,28,037
19.9,28,061
16.6,28,067
12.5,28,095
25.8,28,133
20.9,28,155
31.0,28,001
19.5,28,025
20.9,28,031
27.9,28,053
11.1,29,123
19.6,29,229
7.3,29,217
10.0,29,195
13.3,29,147
7.5,29,041
11.3,29,079
17.3,29,141
15.4,29,223
12.3,29,017
9.0,29,031
10.0,29,205
12.0,29,225
6.3,29,005
8.4,29,013
12.1,29,015
12.3,29,035
14.5,29,057
11.7,29,115
16.4,29,091
7.6,29,101
11.8,29,105
8.5,29,125
14.1,29,161
4.5,29,165
11.4,29,187
6.0,29,003
11.3,29,033
8.1,29,061
12.9,29,103
13.2,29,127
2.7,29,151
20.7,29,181
9.1,29,219
10.8,29,007
6.8,29,043
11.2,29,077
15.1,29,081
11.1,29,185
11.3,29,001
10.7,29,199
10.5,29,211
8.3,29,045
7.7,29,099
8.5,29,111
19.2,29,143
6.6,29,157
8.0,29,173
9.3,29,177
6.7,29,189
8.0,29,209
14.5,29,009
9.2,29,019
12.1,29,039
14.7,29,055
16.8,29,093
12.5,29,117
8.6,29,135
17.4,29,149
12.4,29,159
13.0,29,186
10.6,29,175
20.7,29,069
8.0,29,071
9.4,29,089
11.0,29,095
13.0,29,131
11.2,29,169
14.8,29,171
12.4,29,213
16.6,29,215
12.6,29,021
9.6,29,025
9.6,29,027
7.1,29,037
9.3,29,049
7.4,29,053
13.3,29,059
12.2,29,075
12.6,29,085
9.6,29,113
22.0,29,133
9.6,29,137
9.8,29,145
18.2,29,153
10.5,29,163
3.7,29,183
6.4,30,017
15.1,30,041
7.8,30,075
6.0,30,067
23.6,30,085
23.1,30,005
8.3,30,051
3.3,30,083
6.1,30,099
12.2,30,101
6.8,30,025
2.5,30,019
9.0,30,045
12.1,30,093
12.4,30,023
5.8,30,043
6.0,30,055
13.6,30,107
11.9,30,087
8.3,30,011
4.9,30,021
3.1,30,007
14.7,30,047
16.3,30,073
6.8,30,111
8.5,30,081
7.1,30,105
8.5,30,027
11.6,30,061
10.0,30,069
12.8,30,089
11.8,30,109
5.7,30,059
6.5,30,009
6.7,30,029
9.2,30,071
7.7,31,001
8.1,31,109
3.5,31,011
4.5,31,149
5.2,31,007
9.1,31,163
7.4,31,147
7.5,31,093
4.1,31,089
7.2,31,065
3.3,31,073
10.2,31,151
3.6,31,153
21.7,31,173
6.3,31,177
6.6,31,015
5.9,31,031
8.5,31,053
9.0,31,059
5.6,31,069
9.6,31,091
4.3,31,123
8.5,31,127
4.1,31,159
8.1,31,171
13.9,31,043
8.7,31,181
8.8,31,003
7.0,31,023
7.0,31,035
7.9,31,041
5.2,31,067
3.8,31,081
6.2,31,099
7.9,31,101
10.6,31,119
3.4,31,135
5.4,31,155
7.4,31,179
3.1,31,103
7.0,31,107
8.7,31,111
5.1,31,139
10.1,31,165
3.8,31,025
8.5,31,051
6.0,31,057
6.2,31,077
10.7,31,079
8.0,31,131
7.2,31,145
12.9,31,045
7.1,31,033
10.8,31,047
12.2,31,117
6.5,31,125
8.2,31,167
7.0,31,175
6.6,31,083
7.3,31,009
8.4,31,019
6.3,31,049
10.3,31,087
6.1,31,141
6.4,31,169
7.0,31,013
8.5,32,001
6.5,32,005
11.8,32,027
5.7,32,009
6.8,32,013
17.5,32,021
7.4,32,033
8.9,32,007
4.5,32,017
12.1,32,023
6.2,32,029
7.7,32,031
10.5,32,003
9.8,32,510
6.8,32,019
5.3,33,005
4.6,33,013
6.4,33,009
3.0,33,015
5.5,33,001
6.9,33,019
5.4,33,011
5.4,33,017
8.4,33,007
4.8,33,003
5.1,34,025
3.1,34,037
12.9,34,011
13.5,34,013
7.1,34,029
4.8,34,015
9.2,34,033
13.6,34,031
9.5,34,007
5.4,34,003
5.3,34,041
13.0,34,017
4.4,34,005
2.8,34,027
-888888888.0,35,039
18.4,35,047
17.8,35,057
16.4,35,035
22.3,35,006
11.9,35,019
7.3,35,003
27.5,35,029
30.9,35,031
14.0,35,055
15.5,35,017
17.5,35,007
12.1,35,015
15.3,35,033
16.4,35,037
10.3,35,027
13.6,35,025
8.6,35,049
18.5,35,051
17.1,35,053
22.4,35,013
8.8,36,095
9.9,36,067
10.2,36,019
7.4,36,099
2.8,36,079
13.1,36,033
6.6,36,069
10.5,36,081
9.4,36,101
4.3,36,041
8.1,36,115
13.3,36,013
17.1,36,047
12.7,36,061
7.1,36,107
8.2,36,011
11.4,36,073
4.0,36,091
9.9,36,087
6.9,36,021
10.3,36,049
9.8,36,063
6.2,36,119
11.9,36,025
5.9,36,031
15.3,36,057
4.0,36,059
10.6,36,085
8.1,36,097
8.3,36,109
9.8,36,017
8.3,36,023
9.9,36,045
12.1,36,065
4.7,36,103
7.4,36,121
10.8,36,015
12.9,36,075
8.8,36,077
8.2,36,117
7.0,36,001
10.7,36,007
10.2,36,029
6.7,36,053
10.6,36,105
7.7,36,037
8.5,36,071
17.7,37,079
9.3,37,121
16.0,37,041
13.2,37,027
9.5,37,035
10.5,37,049
19.3,37,065
12.8,37,085
7.1,37,089
24.1,37,095
9.3,37,119
17.4,37,131
12.3,37,159
18.0,37,181
6.6,37,053
6.5,37,179
12.7,37,067
11.5,37,127
20.7,37,017
5.8,37,055
12.5,37,185
16.3,37,195
16.6,37,015
8.5,37,073
14.4,37,075
13.0,37,117
10.8,37,115
8.8,37,137
11.1,37,143
6.9,37,149
11.3,37,151
14.2,37,157
11.5,37,169
18.3,37,187
8.5,37,029
11.8,37,043
14.7,37,051
11.8,37,071
11.9,37,081
12.1,37,099
8.1,37,125
22.7,37,155
10.1,37,167
6.5,37,183
14.8,37,199
8.5,37,037
13.1,37,111
9.6,37,101
18.8,37,103
12.9,37,145
9.0,37,019
11.4,37,009
13.6,37,013
18.6,37,107
11.3,37,109
10.9,37,133
5.0,37,135
13.3,37,161
17.6,37,163
11.9,37,197
9.8,37,011
13.8,37,023
13.3,37,033
10.0,37,059
17.6,37,061
11.9,37,063
11.8,37,105
10.3,37,129
17.0,37,191
24.5,37,165
19.9,37,083
12.7,37,001
4.9,38,013
5.9,38,061
4.4,38,105
6.2,38,007
10.6,38,043
4.7,38,019
9.1,38,037
4.1,38,067
3.3,38,091
6.6,38,041
9.3,38,045
5.0,38,059
6.0,38,017
6.7,38,025
6.1,38,029
5.5,38,051
7.1,38,063
5.0,38,077
23.8,38,079
5.6,38,099
5.0,38,001
6.2,38,009
6.4,38,003
10.7,38,027
9.0,38,035
8.2,38,053
5.9,38,057
5.0,38,055
14.1,38,069
1.6,38,073
30.5,38,085
3.6,38,011
3.0,38,033
6.1,38,047
8.3,38,095
7.9,38,093
7.1,38,023
5.3,38,031
2.3,38,081
3.2,38,087
5.7,38,089
17.1,39,053
10.2,39,077
17.4,39,009
16.6,39,001
4.5,39,103
4.5,39,159
8.6,39,021
7.6,39,125
8.5,39,057
11.7,39,049
11.5,39,101
15.8,39,115
8.9,39,169
5.7,39,175
8.3,39,017
11.1,39,067
9.8,39,083
10.1,39,139
14.2,39,163
7.6,39,063
7.0,39,045
7.9,39,039
6.8,39,069
12.6,39,081
5.3,39,137
10.1,39,027
12.8,39,047
8.9,39,129
9.7,39,091
9.4,39,153
10.2,39,143
7.0,39,149
9.2,27,033
4.2,27,139
3.7,27,039
3.7,27,157
7.7,27,117
7.0,27,035
6.3,27,107
2.9,27,171
5.0,27,103
4.7,27,041
6.7,27,051
5.2,27,069
6.0,27,079
13.8,27,087
2.9,27,025
7.9,27,127
10.3,27,173
8.3,27,153
13.1,27,007
8.0,27,013
5.3,27,055
6.1,27,073
6.7,27,077
5.9,27,111
7.2,27,161
8.1,27,137
4.2,27,003
7.1,27,145
6.7,27,081
5.0,27,089
9.3,27,095
3.3,27,163
6.1,27,017
7.4,27,065
10.1,27,071
7.3,27,097
6.5,27,131
6.6,27,147
5.5,27,125
8.6,27,001
8.3,27,043
4.4,27,101
7.4,27,067
4.7,27,075
6.2,27,133
4.3,27,143
10.8,27,155
8.3,27,005
6.5,27,053
5.6,27,015
7.8,27,023
12.4,27,029
6.8,27,057
4.6,27,059
8.7,27,091
7.2,27,099
7.9,27,115
5.7,27,109
10.6,27,159
7.8,27,009
8.8,27,047
4.9,27,085
4.2,27,121
5.4,27,149
9.8,27,151
38.3,28,051
22.3,28,005
18.6,28,013
12.8,28,141
17.7,28,153
7.8,48,015
6.5,48,261
12.5,48,355
7.4,48,089
13.5,48,409
5.8,48,379
5.9,48,381
8.5,48,385
8.6,48,411
10.9,48,413
2.6,48,431
28.4,48,507
8.6,48,057
5.0,48,065
7.1,48,155
12.6,48,161
10.7,48,175
11.8,48,193
8.7,48,197
3.5,48,335
9.3,48,045
10.9,48,285
12.0,48,445
1.4,48,243
23.0,48,247
7.2,48,339
8.0,48,111
26.2,48,479
4.1,48,011
11.1,48,069
18.5,48,273
33.6,48,489
17.0,48,107
12.3,48,151
21.6,48,131
6.9,48,031
11.9,48,241
11.3,48,271
15.7,48,117
9.9,48,167
10.4,48,283
5.1,48,393
12.3,48,457
14.9,48,483
13.8,48,037
9.2,48,043
9.1,48,263
11.8,48,423
15.7,48,105
9.8,48,199
14.3,48,227
12.9,48,289
10.0,48,337
10.9,48,365
7.8,49,027
8.7,49,053
6.9,49,025
6.8,49,019
7.0,49,033
6.0,49,051
8.0,49,003
13.4,49,021
10.3,49,041
8.2,49,057
10.4,49,013
19.4,49,037
6.6,49,035
9.4,49,047
0.0,49,009
4.5,49,011
4.8,49,055
12.1,49,007
7.7,49,015
3.0,49,029
10.7,49,005
11.6,49,017
10.4,49,023
7.2,50,021
9.5,50,019
4.1,50,013
7.1,50,017
6.3,50,007
10.6,50,015
5.7,50,027
8.6,50,005
9.6,50,025
4.6,50,001
7.8,50,023
10.7,51,185
1.8,51,610
9.8,51,685
3.1,51,735
14.1,51,183
12.6,51,820
16.0,51,770
6.7,51,775
15.0,51,710
14.8,51,037
4.1,51,059
11.8,51,081
5.3,51,095
15.7,51,167
13.8,51,173
9.2,51,678
9.6,51,031
16.1,51,089
4.1,51,099
4.9,51,103
18.9,51,105
7.1,51,115
5.9,51,119
5.8,51,149
7.3,51,165
13.6,51,169
8.7,51,181
11.6,51,011
11.3,51,067
9.9,51,097
8.1,51,121
3.7,51,127
14.2,51,049
3.2,51,075
10.6,51,083
6.6,51,113
5.1,51,153
8.4,51,175
7.8,51,091
15.7,51,025
5.9,51,033
5.6,51,073
11.7,51,131
14.7,51,141
3.4,51,145
8.2,51,163
6.5,51,171
4.1,51,061
8.9,51,036
4.9,51,047
9.0,51,053
5.0,51,079
3.6,51,085
10.9,51,111
6.2,51,137
19.9,51,595
11.3,51,197
7.1,51,550
12.1,51,660
5.9,51,003
5.8,51,019
5.9,51,023
16.3,51,195
15.6,51,520
12.9,51,740
6.7,51,830
15.6,51,005
9.9,51,035
10.2,51,191
13.7,51,133
11.9,51,139
7.7,51,187
7.5,51,510
9.7,51,630
11.4,51,650
4.4,51,013
18.4,51,670
23.0,51,027
4.3,51,069
3.0,51,179
3.5,51,199
17.7,51,760
8.6,51,125
12.4,51,143
31.3,51,720
2.5,51,065
9.3,51,007
9.8,51,840
11.8,51,001
5.7,51,063
16.0,51,077
14.6,51,135
10.9,54,033
7.4,54,069
13.4,54,013
3.5,54,065
13.6,54,081
16.3,54,007
18.2,54,001
27.5,54,047
17.4,54,099
17.3,54,109
10.0,54,035
14.9,54,055
17.3,54,097
25.2,54,101
10.1,54,003
15.3,54,019
8.7,54,023
13.4,54,027
19.0,54,089
8.6,54,009
7.4,54,017
13.2,54,025
7.3,54,031
12.2,54,049
12.3,54,057
23.9,54,059
9.0,54,029
16.9,54,041
13.6,54,067
10.3,54,075
10.1,54,095
14.0,54,083
11.9,54,091
14.6,54,105
17.8,54,015
11.4,54,021
8.8,54,061
13.9,54,063
15.6,54,103
14.4,54,011
13.2,54,039
11.4,54,071
11.7,54,077
6.6,53,035
5.8,53,033
10.1,53,051
8.1,53,055
9.9,53,075
14.2,53,077
11.6,53,015
13.4,53,019
9.0,53,041
10.4,53,027
6.2,53,029
5.4,53,069
12.2,53,021
10.0,53,025
7.7,53,073
14.3,53,047
7.4,53,037
9.0,53,005
5.4,53,013
7.4,53,003
6.4,53,023
9.7,53,045
11.1,53,065
9.2,53,063
8.6,53,007
10.6,55,105
6.6,55,137
9.1,55,001
7.7,55,007
7.7,55,065
8.2,55,081
5.7,55,093
7.3,55,141
10.1,55,003
4.7,55,015
6.4,55,037
6.0,55,055
9.6,55,059
10.8,55,051
8.9,55,019
2.5,55,109
7.0,55,083
5.1,55,069
7.6,55,135
7.4,55,005
12.9,55,113
7.2,55,047
7.5,55,077
9.4,55,075
8.7,55,101
6.2,55,139
12.5,55,041
7.4,55,043
9.7,55,107
4.9,55,117
9.8,55,067
6.3,55,087
10.1,55,123
5.9,55,021
5.4,55,061
7.5,55,009
6.0,55,073
5.4,55,085
5.5,55,121
8.8,55,129
6.0,55,027
6.7,55,127
8.9,55,023
7.6,55,071
7.5,55,111
9.9,55,013
7.3,55,017
4.7,55,029
8.8,55,031
9.0,55,053
4.7,55,049
3.4,55,089
9.2,55,103
8.6,56,005
5.8,56,019
5.8,56,025
3.2,56,009
18.1,56,027
2.4,56,039
10.0,56,037
8.8,56,031
3.2,56,033
8.3,56,003
5.8,56,011
3.6,56,029
7.0,56,001
9.9,56,007
9.4,56,015
11.0,56,041
8.0,56,043
10.3,56,017
8.9,56,013
6.1,56,035
12.6,56,045
45.0,72,065
39.1,72,069
41.2,72,101
46.8,72,097
27.4,72,139
47.0,72,115
53.8,72,099
37.1,72,049
50.2,72,123
46.5,72,017
47.1,72,153
23.9,72,061
47.4,72,023
41.1,72,053
45.2,72,109
35.1,72,117
48.2,72,007
32.6,72,021
39.5,72,035
45.2,72,095
50.4,72,111
50.9,72,131
28.2,72,135
40.5,72,147
47.6,72,151
33.7,72,025
41.1,72,029
41.8,72,043
29.1,72,051
54.3,72,019
55.0,72,107
40.9,72,011
41.9,72,037
57.6,72,045
50.9,72,071
52.5,72,081
40.4,72,085
38.3,72,127
41.9,72,143
56.6,72,093
40.5,72,009
47.5,72,077
46.2,72,121
60.8,72,001
47.8,72,027
60.0,72,055
35.6,72,067
40.9,72,091
45.1,72,103
43.7,72,105
45.9,72,125
46.4,72,141
43.7,72,013
54.4,72,015
43.7,72,033
47.3,72,054
23.1,01,099
13.4,01,079
12.8,01,081
17.5,01,107
21.3,01,119
17.8,01,023
13.1,01,091
15.4,01,113
13.8,01,039
10.3,01,041
10.5,01,077
23.4,01,085
10.2,01,083
10.0,01,115
12.4,01,133
11.7,01,043
9.8,01,051
16.5,01,071
15.8,01,121
16.3,01,129
11.6,01,031
12.5,01,103
15.3,01,021
12.6,01,033
13.5,01,045
13.4,01,055
17.0,01,049
15.2,01,075
14.3,01,111
15.0,01,097
14.3,01,127
12.0,01,029
33.4,01,063
21.5,01,005
31.0,01,011
14.6,01,015
18.4,01,025
16.3,01,101
16.2,01,095
10.7,01,067
9.6,01,089
16.0,01,123
20.9,01,131
2.8,02,068
7.8,02,122
5.6,02,016
2.4,02,060
9.5,02,150
21.8,02,188
24.9,02,050
9.6,02,185
3.4,02,220
5.0,02,090
7.4,02,130
7.3,02,170
20.3,02,180
16.1,02,070
8.0,02,100
2.2,02,282
4.4,02,110
13.7,02,164
7.6,02,240
20.0,02,290
6.1,02,020
12.5,02,013
4.0,02,230
10.9,02,198
6.9,02,195
39.0,02,158
10.6,04,013
16.3,04,009
19.9,04,023
16.3,04,012
11.6,04,015
10.9,04,005
17.5,04,027
9.0,04,011
9.9,04,021
20.4,05,123
12.8,05,145
25.3,05,099
12.8,05,037
16.5,05,043
21.8,05,027
5.8,05,125
14.2,05,141
12.2,05,065
12.3,05,079
16.8,05,083
17.6,05,035
14.6,05,047
12.8,05,109
17.9,05,069
15.7,05,097
14.7,05,127
14.9,05,131
7.7,05,007
25.0,05,017
16.0,05,071
19.0,05,077
22.9,05,041
18.3,05,049
12.6,05,051
13.3,05,115
12.0,05,117
7.1,39,161
11.2,39,167
9.3,39,171
6.9,39,011
10.5,39,029
6.4,39,037
6.8,39,123
6.9,39,051
12.5,39,065
15.4,39,079
14.5,39,095
7.1,39,117
9.0,39,121
8.7,39,135
10.5,39,147
10.0,39,151
10.4,39,003
10.8,39,031
10.5,39,033
3.0,39,041
16.0,39,059
9.7,39,073
4.1,39,107
12.8,39,141
13.7,39,035
10.1,39,093
6.4,39,109
13.4,39,113
13.3,39,155
6.0,39,173
14.2,39,007
23.2,40,001
11.3,40,137
12.0,40,025
12.4,40,019
6.6,40,053
14.7,40,055
6.8,40,087
16.1,40,091
9.3,40,099
7.7,40,103
16.0,40,115
18.8,40,135
7.7,40,145
8.4,40,151
16.0,40,015
15.9,40,101
17.8,40,107
11.2,40,013
9.9,40,059
13.2,40,071
13.8,40,035
11.4,40,143
5.7,40,017
11.6,40,057
15.6,40,077
11.6,40,113
12.1,40,139
13.7,40,127
11.1,40,047
14.1,40,069
12.5,40,121
16.3,40,129
8.6,40,153
13.5,40,021
14.0,40,041
10.2,40,045
8.3,40,051
13.0,40,119
11.9,40,125
12.2,40,037
16.9,40,141
10.9,40,149
12.9,40,033
17.5,40,075
17.3,40,079
18.6,40,089
8.2,40,093
13.6,40,097
12.5,40,109
11.3,40,039
9.2,40,007
9.1,40,085
7.8,40,009
22.8,40,023
14.0,40,065
10.0,40,081
10.7,41,047
11.5,41,029
7.6,41,023
11.3,41,031
5.7,41,005
10.5,41,043
8.8,41,057
10.9,41,001
13.0,41,033
13.8,41,059
11.2,41,041
7.5,41,009
7.8,41,055
9.9,41,065
10.3,41,039
17.1,41,045
6.4,41,067
11.1,41,049
5.6,41,007
9.1,41,015
3.4,41,021
15.3,41,037
10.5,41,061
7.1,42,045
8.0,42,119
6.9,42,127
9.1,42,043
7.6,42,053
8.4,42,089
19.6,42,101
6.7,42,129
10.6,42,013
10.4,42,021
9.1,42,011
9.5,42,061
10.5,42,073
9.9,42,087
4.4,42,041
7.9,42,003
7.7,42,109
8.4,42,115
10.2,42,039
11.0,42,049
8.5,42,057
6.9,42,067
9.3,42,107
7.5,42,131
5.8,42,001
8.6,42,005
10.3,42,035
8.4,42,025
5.5,42,027
9.4,42,097
6.4,42,095
9.4,42,023
9.8,42,121
7.6,42,007
4.0,42,017
10.7,42,069
11.7,42,083
13.1,42,051
4.1,42,091
10.4,42,059
8.3,42,075
11.0,42,079
6.6,42,093
7.9,42,037
5.4,42,019
10.1,42,065
6.4,42,071
4.8,42,099
9.4,42,105
9.2,42,117
12.2,44,007
5.7,44,001
5.6,44,005
12.9,45,003
13.3,45,071
12.2,45,037
18.3,45,027
16.7,45,029
16.2,45,085
9.4,45,063
20.7,45,011
9.0,45,015
17.3,45,031
12.8,45,043
8.6,45,091
11.6,45,007
17.4,45,025
17.1,45,047
11.7,45,051
12.4,45,055
19.1,45,075
16.8,45,001
18.3,45,009
11.1,45,017
28.5,45,033
11.4,45,079
17.3,45,039
15.0,45,049
8.9,45,045
10.9,45,057
8.8,45,035
14.8,45,041
15.5,45,059
13.5,45,065
9.3,45,077
17.9,45,087
19.2,45,089
5.6,46,003
3.2,46,051
17.0,46,123
32.8,46,071
7.6,46,099
10.3,46,033
6.3,46,069
7.7,46,025
0.4,46,049
5.0,46,077
2.9,46,129
11.9,46,027
16.5,46,037
4.2,46,043
2.6,46,063
6.5,46,089
13.7,46,109
2.7,46,119
1.8,46,083
3.4,46,079
5.7,46,081
7.8,46,029
7.2,46,019
33.1,46,031
3.2,46,045
3.0,46,021
21.8,46,007
12.2,46,055
7.7,46,075
4.6,46,093
6.4,46,125
8.0,46,013
4.3,46,061
5.7,46,087
38.0,46,095
8.8,46,105
9.2,46,103
4.3,46,127
5.6,46,097
32.1,46,137
5.4,46,039
4.9,46,009
9.8,46,015
10.0,46,047
9.9,46,053
45.1,46,102
10.0,47,119
19.4,47,173
10.9,47,125
10.1,47,043
16.4,47,129
19.3,47,061
14.7,47,123
14.8,47,079
19.9,47,029
13.9,47,033
14.1,47,041
21.6,47,095
10.2,47,093
13.9,47,101
15.2,47,107
10.9,47,117
17.6,47,131
16.9,47,143
18.5,47,151
12.0,47,167
13.5,47,001
14.6,47,045
18.6,47,049
13.5,47,053
9.1,47,065
7.7,47,105
7.4,47,149
11.0,47,159
6.1,47,189
12.5,47,163
17.5,47,177
10.6,47,179
13.9,47,005
14.7,47,013
12.5,47,015
9.8,47,047
20.8,47,067
16.1,47,091
11.7,47,103
6.9,47,127
11.5,47,051
8.3,47,009
17.8,47,019
14.1,47,057
19.1,47,097
14.2,47,099
14.3,47,115
10.6,47,133
7.2,47,165
8.0,47,169
2.9,47,187
19.6,47,027
13.3,47,059
15.7,47,157
11.2,47,175
14.0,47,077
12.9,47,081
10.2,47,089
14.3,47,153
10.5,47,155
13.6,47,017
13.2,47,023
12.4,47,037
14.7,47,087
21.6,47,135
11.3,47,145
11.9,47,121
14.6,47,063
13.3,47,075
10.7,48,143
7.2,48,039
5.8,48,345
9.6,48,129
12.0,48,013
13.6,48,083
11.0,48,353
28.4,48,229
8.0,48,325
10.5,48,475
12.4,48,213
11.7,48,203
7.4,48,327
13.6,48,277
5.8,48,149
4.5,48,491
14.2,48,373
15.1,48,391
13.0,48,055
11.9,48,487
9.6,48,383
14.4,48,189
20.5,48,419
11.6,48,399
9.3,48,407
9.2,48,451
11.4,48,469
11.6,48,473
13.7,48,485
6.9,48,493
12.4,48,219
24.2,48,323
7.2,48,329
10.5,48,297
7.6,48,299
9.0,48,147
17.0,48,255
13.2,48,041
13.7,48,067
10.8,48,165
12.5,48,179
11.8,48,313
11.8,48,237
3.3,48,259
11.7,48,035
12.6,48,029
9.9,48,017
8.3,48,023
27.0,48,061
5.1,48,121
10.3,48,477
11.9,48,343
19.7,48,429
13.4,48,201
8.6,48,003
9.1,48,171
11.8,48,177
16.4,48,305
7.1,48,503
29.5,48,505
7.9,48,221
13.5,48,223
11.2,48,357
3.8,48,269
11.2,48,275
13.0,48,309
14.5,48,073
8.8,48,095
16.9,48,119
4.0,48,137
15.4,48,133
9.8,48,253
10.0,48,389
17.6,48,403
10.4,48,421
17.7,48,437
12.5,48,231
14.1,48,063
15.0,48,195
6.6,48,187
10.7,48,077
11.5,48,217
15.7,48,347
11.9,48,369
23.1,48,377
17.4,48,465
9.2,48,135
7.4,48,173
13.4,48,185
4.7,48,085
15.1,48,005
19.4,48,101
8.3,48,209
10.0,48,295
16.6,48,321
9.5,48,371
4.7,48,397
9.6,48,401
9.1,48,447
14.2,48,471
10.0,48,499
11.9,48,007
12.0,48,075
8.4,48,081
10.9,48,099
10.8,48,211
11.2,48,341
14.9,48,349
18.9,48,405
7.0,48,417
31.4,48,427
14.5,48,461
7.4,48,021
20.9,48,191
5.2,48,159
17.4,48,163
7.3,48,281
10.3,48,319
13.1,48,125
9.7,48,439
11.4,48,001
10.4,48,239
11.8,48,331
12.3,48,093
33.9,48,047
9.3,19,029
5.4,19,035
11.5,19,047
11.1,19,057
6.9,19,065
7.3,19,085
6.1,19,109
5.1,19,129
11.1,19,133
9.0,19,139
9.0,19,143
7.5,19,153
10.2,19,187
4.9,19,169
9.6,19,193
9.9,19,013
3.7,19,075
7.7,19,097
6.5,19,105
11.4,19,111
4.7,19,131
5.0,19,181
7.4,19,161
6.0,19,149
9.9,19,041
7.9,19,045
7.1,20,183
2.3,20,067
6.3,20,095
7.2,20,131
8.9,20,149
11.0,20,021
7.2,20,015
7.1,20,105
10.1,20,191
8.5,20,195
9.3,20,205
13.8,20,207
5.7,20,135
8.7,20,141
11.3,20,011
6.1,20,075
3.6,20,097
8.3,20,177
15.2,20,181
6.6,20,193
13.2,20,125
5.3,20,127
6.3,20,153
4.9,20,163
8.9,20,025
7.8,20,053
9.0,20,077
2.5,20,167
8.8,20,111
3.8,20,145
12.1,20,001
2.9,20,033
10.6,20,049
11.1,20,063
7.8,20,079
6.9,20,083
13.7,20,093
9.3,20,185
6.4,20,113
7.6,20,139
6.1,20,071
7.4,20,031
13.5,20,037
8.7,20,051
8.4,20,073
13.4,20,099
12.8,20,107
10.0,20,173
14.5,20,175
5.9,20,157
6.4,20,065
3.8,20,091
7.6,20,045
1.8,20,179
5.3,20,121
4.2,20,069
6.6,20,199
16.5,20,189
7.5,20,201
14.3,20,019
6.1,20,129
8.3,20,155
6.9,20,029
12.1,20,043
10.4,20,081
5.9,20,101
0.7,20,171
13.0,20,133
8.7,20,013
6.5,20,147
7.2,20,161
14.9,20,039
5.3,20,087
15.6,21,031
10.5,21,061
11.0,21,097
14.6,21,023
9.3,21,143
25.0,21,063
10.5,21,111
10.5,21,123
12.0,21,161
10.5,21,167
19.5,21,201
19.2,21,207
13.1,21,229
12.3,21,007
16.5,21,009
13.0,21,087
9.1,21,091
24.3,21,159
10.6,21,093
12.3,21,149
15.2,21,183
16.4,21,197
16.0,21,233
11.8,21,033
20.7,21,045
15.6,21,047
18.9,21,085
14.4,21,103
13.4,21,107
25.4,21,109
19.1,21,125
8.2,21,157
9.6,21,163
17.2,21,173
16.3,21,181
4.2,21,185
11.6,21,187
18.8,21,203
9.2,21,209
12.3,21,227
15.4,21,003
11.8,21,017
14.9,21,019
7.9,21,029
10.2,21,055
11.8,21,067
25.8,21,075
17.3,21,115
17.9,21,165
21.2,21,175
23.0,21,193
29.2,21,237
32.6,21,051
32.1,21,013
29.3,21,025
13.3,21,083
15.8,21,099
19.1,21,231
14.6,21,155
8.2,21,221
5.3,21,015
26.5,21,131
27.7,21,121
21.5,21,127
10.0,21,139
21.8,21,195
8.2,21,211
11.0,21,005
13.8,21,027
8.7,21,073
9.5,21,117
13.3,21,151
23.6,21,153
30.1,21,189
12.0,21,213
18.3,21,217
15.3,21,219
16.0,21,039
17.0,21,053
12.6,21,077
13.1,21,079
13.7,21,069
9.2,21,037
11.3,22,113
8.8,22,089
22.1,22,029
27.7,22,107
11.5,22,093
14.3,22,043
12.0,22,051
23.9,22,013
12.7,22,015
10.3,22,023
15.9,22,037
16.5,22,095
17.2,22,075
18.9,22,073
15.4,22,079
19.7,22,117
24.4,22,097
16.8,22,105
19.3,22,001
14.6,22,101
16.1,22,123
8.2,22,103
12.7,22,111
17.6,22,021
17.7,22,017
38.6,22,035
8.9,22,005
11.4,22,055
17.7,22,045
17.3,22,087
15.3,22,091
12.0,22,121
19.9,22,031
20.1,22,081
9.4,22,063
19.1,22,069
17.8,22,071
17.8,22,025
13.1,22,019
22.4,22,041
15.2,22,007
20.0,22,049
23.6,22,083
14.6,22,099
18.9,22,127
12.3,22,033
15.4,22,003
31.8,22,065
10.7,23,017
8.5,23,027
9.8,23,019
8.8,23,001
11.7,23,003
5.7,23,005
7.9,23,013
4.9,23,031
7.9,23,007
12.6,23,025
6.4,24,047
16.6,24,510
6.7,24,041
5.3,24,025
3.9,24,027
4.0,24,003
6.0,24,005
3.0,24,009
6.2,24,023
4.6,24,031
3.4,24,013
3.1,24,035
6.0,24,037
4.7,24,017
11.9,24,019
9.5,24,043
9.3,24,045
6.5,24,015
10.4,24,011
14.5,25,025
4.4,25,001
2.6,25,007
5.2,25,017
7.9,25,003
8.7,25,005
13.4,25,013
5.5,25,023
8.0,25,009
5.8,25,011
4.2,25,021
6.1,25,015
3.7,25,019
7.2,26,115
7.7,26,005
11.2,26,059
8.2,26,003
11.2,26,127
2.5,26,089
16.5,26,035
8.9,26,083
11.8,26,073
4.7,26,139
10.3,26,157
10.1,26,007
9.4,26,067
7.3,26,111
12.4,26,021
12.3,26,135
10.6,26,039
5.1,26,037
13.8,26,057
9.0,26,063
8.4,26,091
11.0,26,105
12.2,26,117
11.1,26,149
9.6,26,147
6.6,26,161
12.5,26,011
9.0,26,027
7.4,26,071
13.3,26,143
17.8,26,163
10.2,26,023
10.3,26,075
11.4,26,097
8.5,26,009
8.8,26,061
11.3,26,069
14.3,26,085
11.5,26,119
9.7,26,141
9.5,26,077
12.8,26,107
8.8,26,103
13.2,26,123
14.1,26,133
9.6,26,137
13.0,26,025
10.5,26,031
10.1,26,095
8.2,26,081
8.6,26,099
12.6,26,145
8.6,26,155
11.1,26,013
12.0,26,017
7.6,26,029
7.1,26,045
8.9,26,041
12.1,26,053
6.3,26,047
17.8,05,147
9.7,05,023
14.8,05,025
17.7,05,067
19.1,05,057
15.6,05,135
12.8,05,137
11.1,05,143
9.9,05,005
16.6,05,003
13.1,05,031
11.8,05,055
18.5,05,073
12.6,05,105
25.5,05,107
16.8,05,111
16.4,05,133
13.6,05,149
11.8,05,013
13.3,05,019
17.3,05,011
18.1,05,095
19.0,05,113
19.4,05,103
8.1,05,101
9.9,05,081
9.2,05,015
18.1,05,091
16.4,06,033
9.4,06,043
15.2,06,115
6.5,06,013
10.1,06,035
9.0,06,083
6.1,06,097
21.0,06,025
4.0,06,051
6.8,06,001
11.8,06,067
5.2,06,055
10.5,06,053
4.4,06,091
8.7,06,073
9.3,06,113
10.2,06,023
6.2,06,003
13.5,06,045
8.0,06,087
12.2,06,037
11.3,06,065
4.9,06,085
4.1,06,041
13.3,06,093
10.8,06,089
15.9,06,015
14.5,06,021
11.5,06,007
6.8,06,063
6.5,06,079
18.0,06,029
7.9,06,059
7.8,06,009
13.3,06,101
4.2,06,081
8.3,06,109
12.7,06,077
5.1,06,005
4.3,08,095
7.4,08,007
10.0,08,031
9.0,08,061
13.5,08,055
15.4,08,009
6.4,08,015
2.9,08,047
6.7,08,063
5.9,08,045
5.5,08,051
4.3,08,059
6.7,08,079
7.0,08,091
9.3,08,103
9.8,08,115
16.5,08,021
26.0,08,023
8.5,08,001
3.8,08,037
11.3,08,065
9.5,08,081
1.9,08,097
7.0,08,017
18.0,08,025
10.7,08,033
7.4,08,057
5.7,08,069
10.6,08,083
3.8,08,113
5.5,08,013
11.6,08,071
11.1,08,125
5.9,08,107
4.0,08,117
3.1,08,019
11.8,08,029
14.5,08,101
6.2,08,087
2.6,08,093
11.7,08,077
14.3,08,099
7.7,08,041
9.2,08,121
6.3,08,005
2.5,08,014
8.3,09,009
7.9,09,003
7.5,09,015
4.4,09,007
2.8,09,013
7.3,10,003
7.7,10,005
12.9,11,001
8.0,12,091
16.6,12,123
17.7,12,133
11.7,12,031
15.6,12,007
8.8,12,009
8.7,12,019
26.3,12,067
8.9,12,069
7.6,12,089
8.6,12,103
12.5,12,105
10.8,12,111
11.1,12,043
23.1,12,051
6.5,12,061
16.4,12,063
9.0,12,099
5.2,12,109
7.9,12,117
14.7,12,086
10.5,12,005
7.9,12,035
15.4,12,037
25.2,12,047
11.2,12,077
5.0,12,119
17.6,12,039
21.0,12,059
9.6,12,071
12.0,12,083
8.0,12,021
12.3,12,095
9.5,12,101
13.3,12,055
13.3,12,121
20.5,12,027
6.4,12,013
11.0,12,023
16.8,12,029
18.3,12,107
17.6,12,125
8.2,12,081
16.4,12,075
11.1,12,003
9.7,12,127
9.9,12,073
21.8,12,079
8.6,12,033
10.1,12,053
27.6,13,037
22.3,13,193
20.3,13,021
17.8,13,197
20.7,13,249
15.8,13,023
21.5,13,093
19.7,13,119
6.3,13,103
16.5,13,171
18.8,13,107
22.8,13,239
14.4,13,159
16.6,13,167
14.7,13,179
18.2,13,205
22.3,13,253
18.7,13,277
19.2,13,289
14.4,13,233
13.4,13,263
22.3,13,269
28.2,13,273
17.1,13,275
17.1,13,279
19.9,13,319
26.7,13,017
20.4,13,033
6.9,13,047
14.3,13,053
14.3,13,055
6.0,13,073
21.3,13,087
14.8,13,115
4.4,13,117
11.0,13,137
18.4,13,185
16.1,13,199
10.3,13,207
21.7,13,261
19.8,13,265
15.2,13,007
19.1,13,035
27.3,13,043
13.5,13,045
19.0,13,079
25.6,13,081
9.0,13,077
6.9,13,067
10.6,13,083
9.6,13,297
22.7,13,027
20.5,13,091
15.3,13,105
4.5,13,113
20.2,13,165
14.5,13,217
5.7,13,227
20.3,13,071
6.8,13,085
16.6,13,063
10.8,13,139
18.8,13,141
20.5,13,189
8.2,13,211
12.3,13,149
24.3,13,095
9.3,13,111
12.5,13,153
19.9,13,175
16.8,13,255
25.0,13,271
9.7,13,291
21.5,13,303
10.2,13,311
7.4,13,223
9.2,13,231
18.3,13,245
16.7,13,267
19.3,13,019
13.1,13,295
9.0,13,135
9.8,13,013
13.6,13,049
34.3,13,065
10.5,13,015
10.5,13,097
17.0,13,131
18.6,13,161
16.5,13,209
13.5,13,221
28.9,13,243
12.4,13,247
17.6,13,299
14.3,13,305
21.8,13,309
15.5,13,315
15.1,13,009
17.9,13,031
18.1,13,059
25.8,13,101
14.6,13,127
13.8,13,143
19.1,13,163
11.6,13,169
12.1,13,213
16.1,13,215
14.5,13,241
29.5,13,259
13.9,13,283
15.3,13,155
25.2,13,003
21.1,13,005
20.3,13,025
13.6,16,087
11.0,16,031
14.4,16,045
3.6,16,085
6.5,16,003
9.0,16,069
9.3,16,055
8.4,16,061
10.5,16,083
17.1,16,073
9.5,16,015
12.5,16,023
6.0,16,029
6.7,16,001
11.4,16,005
9.8,16,011
13.6,16,025
10.3,16,027
5.5,16,051
9.0,16,057
9.8,16,075
9.5,16,009
14.2,16,033
10.5,16,039
11.8,16,043
11.6,16,079
9.0,16,049
11.9,15,001
6.6,15,009
6.3,15,007
25.0,15,005
6.0,17,083
4.1,17,155
8.3,17,039
13.9,17,051
5.9,17,103
5.1,17,107
9.3,17,117
8.9,17,159
18.2,17,165
5.4,17,189
11.7,17,135
7.3,17,195
8.2,17,001
6.4,17,027
9.5,17,037
8.0,17,047
9.4,17,079
14.1,17,081
5.4,17,197
10.1,17,199
11.1,17,041
11.6,17,057
10.6,17,061
9.0,17,069
8.7,17,073
11.2,17,095
6.2,17,097
14.1,17,127
10.1,17,171
10.9,17,017
9.9,17,099
7.6,17,067
6.9,17,063
10.5,17,091
4.8,17,043
10.9,17,167
6.9,17,129
11.4,17,031
6.5,17,141
10.7,17,137
9.9,17,177
8.4,17,193
5.7,17,203
5.0,17,071
5.1,17,111
7.6,17,113
11.9,17,145
9.5,17,149
11.5,17,161
12.1,17,163
8.3,17,185
9.3,17,013
10.3,17,035
5.6,17,085
7.3,17,089
13.9,17,101
6.3,17,009
8.9,17,123
10.0,17,075
9.1,17,021
12.4,17,025
14.4,17,059
15.2,17,077
3.7,17,133
11.6,17,143
12.0,17,181
11.6,17,201
3.5,17,147
12.0,17,153
6.6,17,169
10.7,17,175
9.7,17,045
7.9,17,005
7.8,17,007
9.5,17,011
9.0,17,015
13.4,17,029
9.0,17,033
11.7,18,105
8.5,18,045
10.0,18,039
11.9,18,025
10.3,18,017
14.1,18,097
11.2,18,021
3.7,18,063
6.2,18,047
15.0,18,053
12.4,18,071
13.1,18,067
9.8,18,119
10.8,18,135
6.8,18,183
5.2,18,013
7.0,18,023
4.5,18,161
8.6,18,027
6.2,18,029
12.7,18,083
10.1,18,093
12.8,18,123
8.9,18,131
7.0,18,129
7.0,18,171
11.1,18,165
10.5,18,003
9.8,18,031
7.7,18,043
11.0,18,079
6.0,18,081
8.0,18,109
6.6,18,051
13.5,18,117
7.2,18,085
7.6,18,099
12.5,18,163
9.1,18,009
11.5,18,143
7.2,18,061
12.2,18,091
9.5,18,169
6.8,18,073
9.1,18,101
7.9,18,127
7.2,18,145
7.7,18,137
6.2,18,147
9.8,18,153
6.1,18,159
9.5,18,157
13.0,18,167
5.5,18,173
3.3,18,057
7.8,18,033
5.1,18,087
9.2,18,005
12.5,18,139
3.2,18,011
10.3,18,049
12.9,18,089
6.0,18,107
5.4,18,113
12.8,18,001
15.2,18,041
5.2,19,055
10.1,19,185
6.7,19,113
8.2,19,163
6.6,19,141
6.5,19,011
7.2,19,061
4.6,19,079
6.9,19,151
9.7,19,175
8.5,19,177
7.8,19,159
4.9,19,001
7.7,19,009
11.0,19,039
10.3,19,051
7.8,19,093
6.1,19,107
8.0,19,135
12.6,19,179
4.4,19,167
10.1,19,025
3.0,19,031
7.9,19,033
6.5,19,073
5.0,19,083
8.8,19,117
5.7,19,189
3.3,19,147
9.4,19,007
5.8,19,095
6.1,19,099
4.8,19,191
7.7,19,157
7.2,19,127
3.7,19,015
4.3,19,017
8.3,19,089
7.9,19,063
6.2,19,081
3.4,19,121
7.5,19,125
10.1,19,197
7.1,39,097
12.5,39,119
4.3,27,037
10.0,27,083
6.2,27,129
9.5,27,031
3.6,27,093
6.5,27,113
6.3,27,167
5.8,27,027
6.3,27,045
6.8,27,119
7.0,27,135
9.5,27,165
7.5,27,011
10.2,27,021
6.3,27,049
4.7,27,063
10.0,27,105
4.6,27,141
2.1,27,019
9.0,27,061
10.1,27,123
6.2,27,169
7.8,28,089
23.3,28,091
16.6,48,449
11.2,48,291
9.2,48,497
16.3,48,249
22.1,48,127
6.2,48,157
8.4,48,235
10.3,48,097
17.6,48,115
7.9,48,051
14.6,48,245
8.1,48,359
18.1,48,141
10.5,48,443
14.1,48,463
6.3,48,009
27.5,48,215
26.7,48,425
17.0,48,207
12.3,48,333
12.4,48,351
5.0,49,045
4.5,49,043
13.2,49,031
7.5,49,001
9.9,49,039
7.8,49,049
5.2,50,011
7.6,50,003
9.0,50,009
17.8,51,530
20.2,51,730
2.3,51,600
6.7,51,683
8.9,51,800
4.3,51,041
7.1,51,093
10.0,51,620
12.7,51,540
6.9,51,087
5.7,51,101
8.5,51,109
11.8,51,147
10.3,51,159
5.1,51,177
4.6,51,043
14.2,51,117
6.8,51,015
21.3,51,051
2.3,51,107
5.3,51,161
10.8,51,570
4.5,51,021
12.1,51,029
13.2,51,580
5.5,51,810
22.8,51,640
7.7,51,193
10.1,51,155
17.7,51,590
7.7,51,009
7.2,51,017
12.0,51,700
13.7,51,680
22.0,51,690
6.9,51,057
8.3,51,790
13.0,51,750
2.2,51,045
7.3,51,071
4.1,51,157
11.2,54,085
18.3,54,043
7.4,54,079
20.8,54,005
11.5,54,051
8.6,54,093
15.2,54,087
12.7,54,107
15.1,54,053
12.0,54,073
7.4,54,037
19.5,54,045
7.9,53,031
10.9,53,049
9.4,53,059
10.3,53,009
6.9,53,039
9.2,53,017
7.5,53,053
7.8,53,071
5.4,53,061
7.4,53,067
5.8,53,011
18.9,53,001
7.9,53,057
8.6,53,043
6.8,55,119
6.2,55,099
15.2,55,079
5.8,55,033
5.0,55,045
7.4,55,115
27.4,55,078
6.4,55,011
5.0,55,063
6.5,55,035
6.9,55,095
3.1,55,133
8.6,55,125
9.0,55,057
3.1,55,131
5.5,55,025
6.1,55,039
8.4,55,091
5.5,55,097
5.6,56,023
7.2,56,021
43.7,72,075
46.1,72,133
48.7,72,057
25.1,72,063
48.2,72,087
48.4,72,005
52.3,72,083
43.3,72,149
27.4,72,031
53.1,72,047
47.2,72,113
32.9,72,137
49.1,72,003
39.7,72,041
41.5,72,089
42.2,72,129
52.3,72,039
55.1,72,073
33.9,72,119
39.6,72,145
50.9,72,059
58.1,72,079
13.1,01,093
13.2,01,073
14.8,01,059
12.5,01,019
24.8,01,047
19.8,01,087
5.1,01,117
7.3,01,003
14.0,01,069
11.2,01,125
14.8,01,027
14.9,01,109
8.7,01,037
20.1,01,065
17.9,01,053
18.9,01,013
31.7,01,105
17.4,01,035
10.5,01,007
11.3,01,017
15.0,01,057
10.2,01,009
12.0,01,001
17.8,01,061
8.1,02,261
7.5,02,105
4.0,02,275
12.4,04,019
15.3,04,007
13.2,04,003
28.2,04,001
8.8,04,025
22.4,04,017
12.3,05,119
16.9,05,021
10.1,05,039
12.2,05,121
11.1,05,009
12.0,05,063
11.5,05,053
10.6,05,045
14.2,05,089
14.5,05,129
11.8,05,033
13.4,05,059
14.0,05,087
15.1,05,061
20.3,05,093
16.1,05,139
4.0,39,055
5.4,39,085
11.4,39,023
8.4,39,075
12.5,39,111
3.4,39,165
8.0,39,005
15.5,40,133
8.5,40,011
18.9,40,029
9.0,40,073
11.8,40,095
13.0,40,105
7.3,40,131
5.4,40,003
7.4,40,027
16.0,40,005
11.7,40,043
8.9,40,083
10.7,40,147
14.5,40,061
16.4,40,111
17.4,40,067
10.6,40,049
10.6,40,123
13.8,40,063
11.5,40,031
11.5,40,117
11.3,41,019
9.0,41,053
7.3,41,017
10.6,41,071
14.0,41,035
7.5,41,003
10.1,41,013
11.9,41,025
11.5,41,063
12.1,41,069
12.6,41,011
4.5,41,027
9.5,41,051
7.5,42,055
8.7,42,009
8.9,42,111
7.0,42,133
8.0,42,015
4.0,42,029
8.2,42,063
6.4,42,125
8.3,42,103
9.3,42,077
9.9,42,031
10.1,42,033
9.6,42,081
9.0,42,123
7.0,42,047
10.7,42,085
6.3,42,113
4.8,44,003
5.2,44,009
20.9,45,005
16.4,45,023
18.2,45,067
12.7,45,073
9.5,45,019
22.9,45,069
14.9,45,021
15.0,45,053
17.4,45,061
10.9,45,083
7.1,45,013
11.9,45,081
6.3,46,067
36.0,46,017
25.0,46,041
6.7,46,065
5.0,46,111
8.0,46,059
7.4,46,135
12.9,46,005
6.7,46,035
4.8,46,073
2.4,46,117
4.3,46,107
11.9,46,023
5.1,46,091
7.9,46,101
52.1,46,121
15.8,46,085
5.9,46,115
5.7,46,011
3.2,46,057
9.9,47,083
14.8,47,071
15.0,47,069
13.1,47,139
12.9,47,185
17.0,47,171
13.5,47,183
15.4,47,007
10.3,47,031
15.4,47,073
15.6,47,111
9.2,47,147
6.3,47,021
10.0,47,055
14.8,47,113
14.7,47,137
17.0,47,181
12.0,47,003
10.5,47,035
18.1,47,025
12.1,47,085
12.6,47,141
13.1,47,161
14.3,47,039
15.1,47,109
12.1,47,011
12.3,48,267
9.6,48,467
6.3,48,317
7.3,48,501
14.9,48,387
6.0,48,435
9.0,48,459
13.8,48,481
0.0,48,033
12.9,48,315
10.6,48,181
12.9,48,363
12.1,48,123
8.7,48,059
13.9,48,183
11.8,48,303
10.3,48,257
15.1,48,153
9.3,48,071
11.1,48,027
11.8,48,233
9.9,48,361
13.9,48,495
7.8,48,053
13.3,48,113
9.8,48,311
8.0,48,251
4.9,48,205
14.6,48,293
5.5,48,367
24.0,48,109
11.5,48,169
8.8,48,453
13.5,48,087
19.2,48,279
0.0,48,301
14.8,28,117
11.8,28,059
19.7,28,143
36.3,28,021
16.9,28,075
17.2,28,127
21.3,28,007
28.1,28,027
24.2,28,147
13.7,28,115
13.9,28,003
6.5,28,033
6.5,29,129
5.3,29,047
14.3,29,065
8.9,29,227
18.6,29,510
16.3,29,023
8.3,29,087
12.3,29,139
10.1,29,207
16.9,29,221
10.3,29,063
9.0,29,107
9.5,29,197
11.5,29,029
12.8,29,097
15.6,29,119
10.1,29,167
13.3,29,179
16.1,29,201
15.8,29,011
8.0,29,051
6.6,29,073
10.9,29,121
20.5,29,155
21.9,29,203
14.8,29,067
14.4,29,083
12.6,29,109
14.2,30,015
10.9,30,053
12.7,30,103
6.2,30,097
6.6,30,079
26.4,30,035
12.0,30,037
4.1,30,095
4.1,30,039
6.3,30,057
6.0,30,091
22.5,30,003
7.7,30,049
7.6,30,063
8.9,30,013
2.8,30,033
12.4,30,077
5.1,30,031
5.6,30,001
12.0,30,065
8.2,31,161
5.7,31,129
7.4,31,063
8.7,31,055
4.8,31,029
1.9,31,005
10.9,31,061
6.3,31,095
4.1,31,115
4.7,31,137
9.6,31,157
6.5,31,105
5.6,31,121
8.6,31,021
3.8,31,039
10.6,31,075
7.5,31,085
4.6,31,027
7.2,31,097
3.7,31,071
11.4,31,133
7.3,31,183
7.4,31,185
8.1,31,037
3.5,31,113
4.6,31,143
11.2,31,017
12.3,32,015
1.9,32,011
8.0,34,021
3.1,34,035
10.9,34,001
6.2,34,023
8.0,34,009
7.3,34,039
3.3,34,019
3.5,35,028
16.0,35,061
12.9,35,001
3.7,35,011
23.2,35,023
10.3,35,043
17.3,35,009
10.3,35,021
16.7,35,045
16.2,35,005
12.2,35,059
21.3,35,041
26.1,36,005
10.9,36,035
8.1,36,083
9.5,36,043
12.6,36,089
7.0,36,113
6.1,36,027
10.4,36,055
8.0,36,111
8.1,36,051
9.0,36,039
11.9,36,003
10.9,36,009
7.1,36,093
7.9,36,123
10.3,37,087
18.1,37,005
16.0,37,045
10.9,37,077
16.9,37,093
9.0,37,097
15.0,37,147
10.4,37,039
15.4,37,193
11.7,37,003
8.1,37,031
11.4,37,139
12.1,37,173
16.1,37,007
10.4,37,069
11.7,37,113
10.9,37,175
17.6,37,047
14.5,37,123
19.8,37,153
11.4,37,171
7.3,37,021
7.7,37,025
11.7,37,057
19.7,37,091
9.9,37,141
10.1,37,189
18.6,37,177
3.6,38,097
4.3,38,021
4.9,38,101
7.0,38,049
24.9,38,005
2.2,38,075
4.8,38,015
5.5,38,065
6.1,38,071
3.0,38,039
10.2,38,083
2.8,38,103
13.7,39,099
17.8,39,145
16.8,39,105
14.1,39,131
11.5,39,061
14.9,39,087
9.9,39,157
12.1,39,015
8.8,39,043
7.8,39,089
9.9,39,019
6.6,39,025
15.5,39,071
8.5,39,133
9.0,39,013
14.6,39,127
8.3,48,395
11.2,48,441
13.1,48,455
11.6,48,019
19.2,48,079
5.7,48,091
17.9,48,225
16.3,48,375
8.6,48,415
7.0,48,433
11.1,48,049
21.0,48,025
6.8,48,103
11.0,48,307
11.6,48,287
7.0,48,139
9.6,48,265
21.8,48,145
14.7,19,137
10.6,19,123
7.0,19,019
13.1,19,053
6.4,20,085
5.1,20,109
16.1,20,209
4.3,20,027
8.1,20,169
3.6,20,197
8.0,20,123
10.8,20,005
11.4,20,055
6.1,20,103
8.6,20,187
10.0,20,119
6.2,20,151
8.2,20,003
11.1,20,061
10.7,20,057
5.9,20,117
6.5,20,023
10.7,20,035
5.6,20,059
11.2,20,089
12.3,20,159
9.0,20,017
3.1,20,203
6.8,20,137
10.9,20,009
5.8,20,047
4.4,20,165
5.3,20,115
6.6,20,143
11.9,20,007
7.8,20,041
15.9,21,223
9.1,21,105
8.2,21,179
14.1,21,081
11.7,21,141
12.3,21,191
6.6,21,215
14.6,21,011
9.6,21,021
32.1,21,095
19.0,21,137
16.9,21,171
9.7,21,225
13.5,21,035
12.1,21,059
12.7,21,101
27.3,21,119
13.3,21,177
18.2,21,199
15.5,21,001
18.1,21,057
28.1,21,129
21.9,21,135
10.1,21,239
13.9,21,113
27.8,21,133
12.4,21,145
20.6,21,235
25.4,21,071
29.5,21,147
18.6,21,169
19.1,21,205
11.4,21,049
24.0,21,041
29.9,21,065
11.8,21,089
21.1,21,043
11.8,22,057
17.3,22,053
12.3,22,125
12.3,22,011
21.2,22,039
18.5,22,061
20.2,22,119
13.6,22,047
24.1,22,067
16.5,22,109
26.6,22,027
18.4,22,009
11.2,22,077
13.7,22,115
13.9,22,085
20.4,22,059
7.7,23,015
11.7,23,021
12.8,23,029
6.8,23,023
8.6,23,011
7.5,23,009
15.9,24,039
10.7,24,001
6.2,24,033
4.4,24,021
7.7,24,029
7.0,25,027
13.3,26,033
5.8,26,125
12.5,26,121
7.2,26,087
10.8,26,151
10.1,26,131
11.4,26,001
13.0,26,079
12.9,26,129
11.5,26,165
8.0,26,043
11.8,26,065
9.1,26,109
11.2,26,113
10.3,26,159
5.4,26,015
4.6,26,019
12.9,26,153
6.6,26,055
15.1,26,049
3.7,26,093
7.9,26,101
13.1,26,051
12.2,05,075
13.0,05,029
14.6,05,001
8.3,05,085
19.0,06,047
9.0,06,049
9.0,06,027
12.7,06,099
14.9,06,103
7.3,06,069
5.4,06,017
5.8,06,075
21.4,06,107
6.2,06,057
16.9,06,039
12.6,06,105
13.7,06,071
5.7,06,061
7.9,06,095
10.6,06,011
16.6,06,031
19.7,06,019
6.6,06,111
7.1,08,123
10.0,08,027
2.3,08,035
4.5,08,067
14.0,08,105
22.9,08,011
0.0,08,111
9.0,08,075
5.9,08,119
3.1,08,039
8.4,08,073
16.7,08,003
11.1,08,043
12.2,08,085
12.7,08,109
8.1,08,053
4.2,08,049
20.3,08,089
4.0,09,005
7.2,09,011
6.3,09,001
10.4,10,001
11.2,12,057
7.4,12,129
10.1,12,045
13.4,12,097
10.5,12,131
11.7,12,065
19.9,12,049
17.0,12,093
13.6,12,041
10.6,12,001
7.5,12,015
6.9,12,085
5.7,12,115
11.1,12,017
7.4,12,113
10.3,12,011
7.4,12,087
13.2,13,313
16.6,13,285
5.4,13,145
17.4,13,321
22.7,13,109
19.3,13,307
14.7,13,125
11.6,13,051
20.6,13,173
12.7,13,195
13.6,13,147
15.0,13,191
8.9,13,237
21.7,13,301
11.0,13,029
11.2,13,039
24.2,13,099
18.6,13,069
10.5,13,123
18.5,13,317
16.3,13,129
6.0,13,057
9.2,13,177
14.9,13,133
18.5,13,075
11.2,13,121
9.0,13,187
17.2,13,201
4.9,13,219
8.4,13,151
14.1,13,183
10.8,13,257
17.4,13,293
18.1,13,225
19.0,13,229
18.2,13,251
11.5,13,011
28.6,13,061
12.3,13,089
7.7,13,157
17.7,13,181
21.5,13,235
11.3,13,281
29.8,13,287
17.6,13,001
7.3,16,077
9.0,16,071
8.9,16,063
10.6,16,041
13.7,16,053
14.1,16,067
10.8,16,013
10.9,16,021
11.1,16,047
12.5,16,007
8.9,16,019
9.8,16,035
6.6,16,059
9.6,16,017
15.8,16,037
28.1,16,065
4.6,16,081
5.7,15,003
15.0,17,183
9.9,17,023
8.6,17,049
5.5,17,065
7.7,17,087
10.0,17,105
5.8,17,179
9.0,17,187
10.0,17,119
9.3,17,131
22.9,17,003
8.2,17,157
11.8,17,115
10.5,17,191
15.2,17,055
10.2,17,109
6.1,17,139
9.6,17,151
8.8,17,173
9.5,17,019
12.2,17,053
3.5,17,093
14.0,17,121
12.3,17,125
8.5,18,149
10.6,18,055
12.2,18,177
9.3,18,037
5.3,18,059
4.0,18,115
9.6,18,121
10.0,18,007
8.3,18,133
11.0,18,175
11.7,18,065
13.2,18,095
7.1,18,125
7.0,18,151
5.9,18,179
13.0,18,035
10.4,18,077
10.8,18,103
8.8,18,111
11.3,18,141
17.6,18,155
7.3,18,015
6.8,18,069
5.6,18,181
10.8,18,075
6.9,18,019
7.4,19,101
5.9,19,005
3.5,19,049
6.6,19,023
6.5,19,071
4.7,19,173
6.8,19,195
5.8,19,003
3.8,19,037
4.1,19,059
6.7,19,103
8.1,19,171
8.9,19,069
5.1,19,027
10.2,19,067
8.7,19,115
3.4,19,119
6.3,19,165
8.3,19,087
7.3,19,145
7.9,19,155
4.9,19,043
9.4,19,021
7.1,19,077
8.1,19,091
7.4,19,183
