population,pop_density,state,county
55869,93.985346015,01,001
223234,140.41440206,01,003
24686,27.89353269,01,005
22394,35.976529818,01,007
57826,89.676246572,01,009
10101,16.218372794,01,011
19448,25.034802814,01,013
113605,187.50731202,01,015
33254,55.74284076,01,017
26196,47.325768735,01,019
44428,64.123408689,01,021
12589,13.781552293,01,023
23622,19.074297415,01,025
13235,21.913665329,01,027
14910,26.620035223,01,029
52342,77.088467615,01,031
55241,93.1952259,01,033
12067,14.193130658,01,035
10663,16.38166426,01,037
37049,35.950408623,01,039
13772,22.619139114,01,041
83768,114.01021653,01,043
49172,87.634864447,01,045
37196,38.004042961,01,047
71513,92.025625422,01,049
81209,131.3112898,01,051
36633,38.755951378,01,053
102268,191.12364467,01,055
16302,25.971679091,01,057
31362,49.473233808,01,059
26271,45.730009764,01,061
8111,12.535873955,01,063
14651,22.75047109,01,065
17205,30.627485171,01,067
105882,182.60057248,01,069
51626,47.891104629,01,071
658573,592.55351575,01,073
13805,22.823980559,01,075
92729,138.81313278,01,077
32924,47.668661758,01,079
164542,270.83432209,01,081
98915,176.64798277,01,083
9726,13.58548408,01,085
18068,29.676718491,01,087
372909,465.21086205,01,089
18863,19.309184104,01,091
29709,40.020627603,01,093
96774,171.02562219,01,095
413210,336.10418322,01,097
20733,20.214129306,01,099
226486,288.39277018,01,101
119679,206.48553652,01,103
8923,12.39897807,01,105
19930,22.613154415,01,107
33114,49.271815027,01,109
22722,39.138789293,01,111
57961,90.398784224,01,113
89512,141.72690747,01,115
217702,277.19182547,01,117
12427,13.749325385,01,119
79978,108.54834994,01,121
40367,56.337434921,01,123
209355,158.49907988,01,125
63521,80.30445929,01,127
16326,15.113785233,01,129
10373,11.675388474,01,131
23629,38.547672328,01,133
3337,0.4777265018,02,013
5634,1.2820721486,02,016
288000,168.73682383,02,020
18386,0.4525158466,02,050
836,1.7345095993,02,060
2097,0.1659417972,02,068
4916,0.2681702055,02,070
96849,13.213430298,02,090
2530,1.0791088078,02,100
2148,0.3276151563,02,105
31974,11.824810464,02,110
58708,3.6639393785,02,122
13901,2.8620987247,02,130
12998,1.964820172,02,150
8314,0.4869330114,02,158
1592,0.0665977157,02,164
108317,4.3827989138,02,170
10004,0.4355242355,02,180
9832,0.1106902495,02,185
7621,0.2136891191,02,188
3266,1.1259529785,02,195
6203,1.1784333295,02,198
8493,2.9592176606,02,220
1183,2.7262276648,02,230
6893,0.2776884175,02,240
9202,0.268892447,02,261
2502,0.9788750597,02,275
579,0.0759515757,02,282
5230,0.0359263713,02,290
71887,6.4197724403,04,001
125922,20.278115144,04,003
143476,7.7068092455,04,005
54018,11.353098915,04,007
38837,8.4028631682,04,009
9498,5.1559562704,04,011
21108,4.6944664886,04,012
4485414,487.50954904,04,013
212181,15.915332957,04,015
110924,11.148081274,04,017
1047279,113.97478676,04,019
462789,86.243934534,04,021
46498,37.612599392,04,023
235099,28.942035103,04,025
213787,38.772802142,04,027
17486,17.68383354,05,001
19657,21.24256434,05,003
41932,75.655216879,05,005
279141,329.21407866,05,007
37432,63.444582879,05,009
10763,16.577959308,05,011
5189,8.25531362,05,013
28380,45.043997291,05,015
10118,15.693465327,05,017
22320,25.77136629,05,019
14551,22.754852092,05,021
24919,45.00446495,05,023
7956,13.309272715,05,025
23457,30.623376346,05,027
20846,37.745621651,05,029
110332,155.98965575,05,031
63257,106.53503309,05,033
47955,78.565511162,05,035
16419,26.637704838,05,037
7009,10.502163448,05,039
11361,14.790360066,05,041
18219,21.993583557,05,043
126007,194.46828522,05,045
17715,29.095918425,05,047
12477,20.183176572,05,049
99386,146.66939609,05,051
18265,28.908936635,05,053
45325,78.45926416,05,055
21532,29.596390322,05,057
33771,54.886284961,05,059
13202,22.430767562,05,061
37825,49.507557221,05,063
13629,23.474179931,05,065
16719,26.377455852,05,067
66824,76.80457988,05,069
26578,40.279389752,05,071
6624,12.538444942,05,073
16406,27.919679211,05,075
8857,14.697457631,05,077
13024,23.193334411,05,079
12259,23.032572119,05,081
21466,30.307569482,05,083
73309,95.03693678,05,085
16576,19.869131375,05,087
16694,27.96517883,05,089
43257,69.13026714,05,091
40651,45.138878247,05,093
6701,11.037114769,05,095
8986,11.521687699,05,097
8252,13.356142655,05,099
7753,9.4444614151,05,101
23382,31.908498886,05,103
10455,18.955371284,05,105
17782,25.562499158,05,107
10718,17.84474605,05,109
23528,31.024751005,05,111
19964,23.282172074,05,113
64072,78.856275223,05,115
8062,12.443872702,05,117
391911,516.73581324,05,119
17958,27.533501081,05,121
24994,39.375552191,05,123
122437,169.21150169,05,125
10281,11.521057496,05,127
7881,11.833169823,05,129
127827,240.65234879,05,131
17007,30.084666463,05,133
17442,28.858136858,05,135
12506,20.620908233,05,137
38682,37.220922658,05,139
16545,23.311018833,05,141
239187,253.92016704,05,143
78753,76.084445421,05,145
6320,10.770528812,05,147
21341,22.944738637,05,149
1671329,2266.8038359,06,001
1129,1.5291051379,06,003
39752,66.858209499,06,005
219186,133.93669839,06,007
45905,45.004949116,06,009
21547,18.724913044,06,011
1153526,1608.6423209,06,013
27812,27.639863872,06,015
192843,112.91594941,06,017
999101,167.6799017,06,019
28393,21.608599947,06,021
135558,37.99127697,06,023
181215,43.399192677,06,025
18039,1.7690113294,06,027
900202,110.6947351,06,029
152940,110.00431738,06,031
64386,51.241878985,06,033
30573,6.7323831967,06,035
10039107,2473.5073498,06,037
157327,73.62298192,06,039
258826,497.3152999,06,041
17203,11.873656028,06,043
86749,24.740481573,06,045
277680,143.42146144,06,047
8841,2.2394002959,06,049
14444,4.7373118689,06,051
434061,132.2662889,06,053
137744,184.08552018,06,055
99755,104.15446736,06,057
3175692,4005.6166459,06,059
398329,283.09018519,06,061
18807,7.3664475247,06,063
2470546,342.703209,06,065
1552058,1607.9350016,06,067
62808,45.229486087,06,069
2180085,108.63552451,06,071
3338330,792.91438376,06,073
881549,18795.223512,06,075
762148,547.38885704,06,077
283111,85.775180087,06,079
766573,1708.6818505,06,081
446499,163.24346466,06,083
1927852,1493.2046662,06,085
273213,613.82863485,06,087
180080,47.697443513,06,089
3005,3.1526435038,06,091
43539,6.9343223736,06,093
447643,544.70103033,06,095
494336,313.74622239,06,097
550660,368.08392539,06,099
96971,160.9395951,06,101
65084,22.068830947,06,103
12285,3.8640974347,06,105
466195,96.634667469,06,107
54478,24.530013798,06,109
846006,459.16825553,06,111
220500,217.29866745,06,113
78668,124.47153319,06,115
517421,443.64116675,08,001
16233,22.465424451,08,003
656590,822.83599885,08,005
14029,10.391173342,08,007
3581,1.4015695336,08,009
5577,3.6864273852,08,011
326196,449.0721707,08,013
70465,2135.0741839,08,014
20356,20.086669116,08,015
1831,1.0296488382,08,017
9700,24.55243145,08,019
8205,6.3731703633,08,021
3887,3.1663577284,08,023
6061,7.6972162063,08,025
5068,6.8613905706,08,027
31162,27.284220284,08,029
727211,4743.9552682,08,031
2055,1.9256531242,08,033
351154,417.91548841,08,035
55127,32.726608698,08,037
26729,14.441579212,08,039
720403,338.71841276,08,041
47839,31.20445954,08,043
60061,20.377448183,08,045
6243,41.613730276,08,047
15734,8.5212337515,08,049
17462,5.3909343068,08,051
820,0.7339575399,08,053
6897,4.334919592,08,055
1392,0.8626001243,08,057
582881,762.59696552,08,059
1406,0.7953348788,08,061
7097,3.2843989042,08,063
8127,21.561657813,08,065
56221,33.273132033,08,067
356899,137.4922924,08,069
14506,3.0392180855,08,071
5701,2.2116792515,08,073
22409,12.188088015,08,075
154210,46.324405694,08,077
769,0.8780939967,08,079
13283,2.8004043902,08,081
26183,12.902166001,08,083
42758,19.080333806,08,085
29068,22.700768731,08,087
18278,14.483982029,08,089
4952,9.1433973996,08,091
18845,8.5897142148,08,093
4265,6.199777726,08,095
17767,18.303260404,08,097
12172,7.4292112205,08,099
168424,70.58553725,08,101
6324,1.9633833798,08,103
11267,12.354757523,08,105
25638,10.854269955,08,107
6824,2.1536556841,08,109
728,1.8786342004,08,111
8179,6.3564403745,08,113
2248,4.101884615,08,115
31011,50.976513811,08,117
25388,45.576449143,08,119
4908,1.949101146,08,121
324492,81.429805285,08,123
10019,4.2374414873,08,125
943332,1509.4086275,09,001
891720,1213.2864925,09,003
180333,195.90467325,09,005
162436,439.84321801,09,007
854757,1413.9582297,09,009
265206,398.72059141,09,011
150721,367.29661189,09,013
116782,227.67698741,09,015
180786,308.47687444,10,001
558753,1310.6490387,10,003
234225,250.20481554,10,005
705749,11543.999939,11,001
269043,307.28851819,12,001
29210,49.911990836,12,003
174705,230.30172695,12,005
28201,95.933656468,12,007
601942,593.05632145,12,009
1952778,1623.499921,12,011
14105,24.861791115,12,013
188910,277.35736469,12,015
149657,257.18197519,12,017
219252,362.63057436,12,019
384902,192.74608394,12,021
71686,89.882616434,12,023
38001,59.684954353,12,027
16826,23.862999057,12,029
957755,1255.8590575,12,031
318316,484.51894692,12,033
115081,237.20947675,12,035
12125,22.24195612,12,037
45660,88.435431486,12,039
18582,53.137750778,12,041
13811,17.123165499,12,043
13639,24.64407634,12,045
14428,28.081941717,12,047
26937,42.249148339,12,049
42022,36.344011064,12,051
193920,410.01303591,12,053
106221,104.3793425,12,055
1471968,1440.3883066,12,057
19617,40.966333101,12,059
159923,318.07512707,12,061
46414,50.55019229,12,063
14246,23.819664615,12,065
8422,15.500288741,12,067
367118,386.1320543,12,069
770577,986.07766533,12,071
293582,440.22546489,12,073
41503,37.115151768,12,075
8354,9.9980448271,12,077
18493,26.550226543,12,079
403253,542.27582552,12,081
365579,230.15315849,12,083
161000,296.0539284,12,085
2716940,1430.0879913,12,086
74228,75.509435696,12,087
88625,136.62350377,12,089
210738,226.54514971,12,091
42168,54.823647905,12,093
1393452,1545.0772998,12,095
375751,283.03811034,12,097
1496770,761.99313226,12,099
553947,741.97917716,12,101
974996,3561.2781285,12,103
724777,403.20522157,12,105
74521,102.382701,12,107
264672,440.7050343,12,109
328297,574.29667346,12,111
184313,182.05920707,12,113
433742,780.13055204,12,115
471826,1525.3362784,12,117
132420,237.68129645,12,119
44417,64.507811609,12,121
21569,20.673471932,12,123
15237,62.56081663,12,125
553284,502.41804154,12,127
33739,55.636527316,12,129
74071,71.377063157,12,131
25473,43.567657611,12,133
18386,36.173410386,13,001
8165,23.82421753,13,003
11164,39.29810477,13,005
3038,8.8841493582,13,007
44890,173.52206295,13,009
19234,82.885148043,13,011
83240,516.90185253,13,013
107738,234.76983541,13,015
16700,66.76745971,13,017
19397,42.783499826,13,019
153159,614.11369433,13,021
12873,59.632498232,13,023
19109,43.113474666,13,025
15457,31.341228373,13,027
39627,90.566155149,13,029
79608,117.7718324,13,031
22383,27.064154321,13,033
24936,135.75048129,13,035
6189,22.073290155,13,037
54666,86.727841636,13,039
10803,44.445931938,13,043
119992,240.45156181,13,045
67580,416.74254951,13,047
13392,17.167318689,13,049
289430,668.24945353,13,051
10907,43.849500395,13,053
24789,79.11550459,13,055
258773,614.54094882,13,057
128331,1076.3988884,13,059
2834,14.503289288,13,061
292256,2062.8050676,13,063
6618,8.1202878844,13,065
760141,2237.0896015,13,067
43273,73.065025763,13,069
45600,83.358192876,13,071
156714,540.25162678,13,073
17270,75.606139957,13,075
148509,336.80589489,13,077
12404,38.176318159,13,079
22372,82.04501741,13,081
16116,92.631502469,13,083
26108,123.83548313,13,085
26404,44.215082308,13,087
759297,2836.041489,13,089
20605,41.545982312,13,091
13390,34.10329848,13,093
87956,267.63323588,13,095
146343,731.21043705,13,097
10190,19.879066674,13,099
4006,9.5288579495,13,101
64296,134.28047126,13,103
19194,54.668554458,13,105
22646,33.27497148,13,107
10654,58.252119003,13,109
26188,67.650898703,13,111
114421,588.65191144,13,113
98498,193.20052674,13,115
244252,1087.7329881,13,117
23349,89.267709284,13,119
1063937,2019.9144194,13,121
31369,73.599328187,13,123
2971,20.668466164,13,125
85292,203.29351446,13,127
57963,162.61519552,13,129
24633,54.197856078,13,131
18324,47.26782481,13,133
936250,2174.1752753,13,135
45328,163.74088544,13,137
204441,520.20744436,13,139
8457,17.952857857,13,141
29792,105.58352184,13,143
35236,75.968342179,13,145
26205,112.74742334,13,147
11923,40.284179989,13,149
234561,736.11147402,13,151
157863,419.80001952,13,153
9416,26.571642734,13,155
72977,214.84764978,13,157
14219,38.595984708,13,159
15115,45.675982346,13,161
15362,29.174765401,13,163
8676,24.979491545,13,165
9643,31.823101062,13,167
28735,72.942274444,13,169
19077,103.96149303,13,171
10423,53.033498688,13,173
47546,58.89289941,13,175
29992,84.275042377,13,177
61435,118.95161658,13,179
7921,37.650702451,13,181
19559,48.849483611,13,183
117406,236.15375655,13,185
33610,118.7874112,13,187
21312,82.774133665,13,189
14378,33.332243495,13,191
12947,32.314015098,13,193
29880,105.83442339,13,195
8359,22.837741593,13,197
21167,42.230671796,13,199
5718,20.246237336,13,201
21863,42.687998082,13,205
27578,69.625311737,13,207
9172,38.035182446,13,209
19276,55.485929007,13,211
40096,116.39102014,13,213
195769,904.33168193,13,215
111744,408.12156823,13,217
40280,218.51540925,13,219
15259,34.753603574,13,221
168667,540.02982095,13,223
27546,183.29249658,13,225
32591,140.44249934,13,227
19465,57.174392586,13,229
18962,87.752048679,13,231
42613,137.31381163,13,233
11137,44.680007989,13,235
22119,64.172226769,13,237
2299,15.201265389,13,239
17137,46.298679791,13,241
6778,15.827719353,13,243
202518,624.41570879,13,245
90896,700.17769965,13,247
5257,31.49628518,13,249
13966,21.626845678,13,251
8090,34.058009568,13,253
66703,340.33316973,13,255
25925,144.71096476,13,257
6621,14.432745408,13,259
29524,61.141832579,13,261
6195,15.828711442,13,263
1537,7.8979492606,13,265
25286,52.588936502,13,267
8020,21.290923576,13,269
15860,36.267388825,13,271
8531,25.409627259,13,273
44451,81.61793304,13,275
40644,155.79031876,13,277
26830,73.706990666,13,279
12037,72.309950917,13,281
6901,34.603078806,13,283
69922,168.89065797,13,285
7985,27.976777812,13,287
8120,22.602039493,13,289
24511,76.100933259,13,291
26320,81.368499194,13,293
69761,156.27806989,13,295
94593,289.43893691,13,297
35734,39.738681805,13,299
5254,18.476713947,13,301
20374,30.027404572,13,303
29927,46.619857609,13,305
2607,12.452439924,13,307
7855,26.583004569,13,309
30798,127.92876454,13,311
104628,360.24224386,13,313
8635,22.855356522,13,315
9777,20.824246163,13,317
8954,19.932576164,13,319
20247,35.476726848,13,321
201513,50.022473825,15,001
974563,1622.7267286,15,003
86,7.1718016358,15,005
72293,116.62341805,15,007
167417,144.13488696,15,009
481587,457.77677936,16,001
4294,3.1508540036,16,003
87808,78.929151368,16,005
6125,6.2773658062,16,007
9298,11.96759507,16,009
46811,22.357037187,16,011
23021,8.7275555573,16,013
7831,4.1225429927,16,015
45739,26.389392882,16,017
119062,63.806604204,16,019
12245,9.65177045,16,021
2597,1.1611962075,16,023
1106,1.029570572,16,025
229849,391.53410967,16,027
7155,4.0556768849,16,029
24030,9.3661953988,16,031
845,0.4792572274,16,033
8756,3.5632406956,16,035
4315,0.8766446642,16,037
27511,8.9464372041,16,039
13876,20.928511828,16,041
13099,7.0275126439,16,043
18112,32.356177425,16,045
15179,20.812506505,16,047
16667,1.9660280113,16,049
29871,27.312384314,16,051
24412,40.858854222,16,053
165697,133.8663393,16,055
40108,37.27969564,16,057
8027,1.7588825118,16,059
3838,8.0155129595,16,061
5366,4.4665908139,16,063
39907,85.041109855,16,065
21039,27.792751447,16,067
40408,47.632942636,16,069
4531,3.779136259,16,071
11823,1.5418208549,16,073
23951,58.863243267,16,075
7681,5.4714759693,16,077
12882,4.8843098868,16,079
12142,27.036844278,16,081
86878,45.208745419,16,083
11392,3.1082233059,16,085
10194,7.0165419169,16,087
65435,76.519560184,17,001
5761,24.473855357,17,003
16426,43.187795669,17,005
53544,190.70683907,17,007
6578,21.515944816,17,009
32628,37.542669859,17,011
4739,18.669812165,17,013
14305,32.11673175,17,015
12147,32.327006058,17,017
209689,210.50729637,17,019
32304,45.531319283,17,021
15441,30.797315124,17,023
13184,28.154649273,17,025
37562,79.254531794,17,027
50621,99.592136412,17,029
5150233,5450.3843595,17,031
18667,42.076580411,17,033
10766,31.120672586,17,035
104897,166.15067683,17,037
15638,39.334840021,17,039
19465,46.718229094,17,041
922921,2815.8528427,17,043
17161,27.531445419,17,045
6395,28.754539444,17,047
34008,71.032076133,17,049
21336,29.780643438,17,051
12961,26.690862654,17,053
38469,94.074307236,17,055
34340,39.667635105,17,057
4828,14.947822627,17,059
12969,23.882255596,17,061
51054,122.10203892,17,063
8116,18.67260633,17,065
17708,22.309337817,17,067
3821,21.540244686,17,069
6646,17.545059174,17,071
48913,59.428708102,17,073
27114,24.265366799,17,075
56750,97.246239961,17,077
9610,19.429302478,17,079
37684,65.972900584,17,081
21773,58.900059082,17,083
21235,35.337261018,17,085
12417,36.123786904,17,087
532403,1025.1137169,17,089
109862,162.39877206,17,091
128990,402.79407915,17,093
49699,69.374739081,17,095
696535,1569.1260633,17,097
108669,95.729465059,17,099
15678,42.12493578,17,101
34096,47.042800536,17,103
35648,34.157766537,17,105
28618,46.303240843,17,107
29682,50.366264505,17,109
307774,510.07020571,17,111
171517,144.95426442,17,113
104009,179.14804066,17,115
44926,52.059522393,17,117
262966,367.52447012,17,119
37205,64.982627613,17,121
11438,29.569778959,17,123
13359,24.768617548,17,125
13772,58.050474498,17,127
12196,38.792438458,17,129
15437,27.505176669,17,131
34637,89.890218553,17,133
28414,40.37463679,17,135
33658,59.157679676,17,137
14501,43.162778934,17,139
50643,66.753786025,17,141
179179,289.59864737,17,143
20916,47.338086834,17,145
16344,37.214117327,17,147
15561,18.71771172,17,149
4177,11.3242727,17,151
5335,26.766584671,17,153
5739,35.847017731,17,155
31782,55.237769219,17,157
15513,43.087580814,17,159
141879,331.91723838,17,161
259686,394.83773394,17,163
23491,61.820001107,17,165
194672,224.20718355,17,167
6768,15.476773913,17,169
4951,19.741648421,17,171
21634,28.521693745,17,173
5342,18.542654276,17,175
44498,78.862673903,17,177
131803,203.88278094,17,179
16653,40.281928891,17,181
75758,84.333088722,17,183
11520,51.584466676,17,185
16844,31.05548238,17,187
13887,24.684183229,17,189
16215,22.715501847,17,191
13537,27.348431398,17,193
55175,80.653498449,17,195
690743,826.37524942,17,197
66597,158.48353042,17,199
282572,550.65493316,17,201
38459,72.875882999,17,203
35777,105.55976829,18,001
379299,577.03834878,18,003
83779,205.8677649,18,005
8748,21.524663329,18,007
11758,71.225374545,18,009
67843,160.41872841,18,011
15092,48.373734188,18,013
20257,54.421434495,18,015
37689,91.443726156,18,017
118302,317.30135426,18,019
26225,73.335620447,18,021
32399,79.984257434,18,023
10577,34.609095333,18,025
33351,77.650982373,18,027
49458,162.11122311,18,029
26559,71.286353726,18,031
43475,119.82111161,18,033
114135,291.08588966,18,035
42736,100.02217785,18,037
206341,445.49761916,18,039
23102,107.44071773,18,041
78522,530.67969719,18,043
16346,41.312454839,18,045
22758,59.19997401,18,047
19974,54.219276739,18,049
33659,69.055160301,18,051
65769,158.82833351,18,053
31922,58.845938331,18,055
338011,857.14024676,18,057
78168,255.48719537,18,059
40515,83.619607076,18,061
170311,418.56402865,18,063
47972,122.4151072,18,065
82544,281.64884456,18,067
36520,95.439909021,18,069
44231,86.731831454,18,071
33562,59.966439611,18,073
20436,53.231877818,18,075
32308,89.585351019,18,077
27735,73.646318083,18,079
158167,493.58716198,18,081
36594,70.915811337,18,083
79456,149.51197031,18,085
39614,104.34906183,18,087
485493,973.34320163,18,089
109888,183.67620597,18,091
45370,101.00659482,18,093
129569,286.70778078,18,095
964582,2432.3168245,18,097
46258,104.2739732,18,099
10255,30.542602409,18,101
35516,95.002636908,18,103
148431,376.23008348,18,105
38338,75.969901722,18,107
70489,174.54683103,18,109
13984,34.807309838,18,111
47744,116.20954268,18,113
5875,68.195205289,18,115
19646,49.31496019,18,117
20799,53.98189615,18,119
16937,38.084544724,18,121
19169,50.214788474,18,123
12389,37.059264584,18,125
170389,407.5470632,18,127
25427,62.112735767,18,129
12353,28.484470155,18,131
37576,78.195799548,18,133
24665,54.522839314,18,135
28324,63.446502807,18,137
16581,40.627391464,18,139
271826,593.64377524,18,141
23873,125.38268259,18,143
44729,108.79302183,18,145
20277,51.105463359,18,147
22995,74.382759895,18,149
34594,112.03546637,18,151
20669,46.221558379,18,153
10751,48.720392551,18,155
195732,392.32152734,18,157
15148,58.140600531,18,159
7054,43.761969841,18,161
181451,776.50862047,18,163
15498,60.335370079,18,165
107038,265.2407105,18,167
30996,75.134923424,18,169
8265,22.663054412,18,171
62998,163.71008447,18,173
28036,54.577519984,18,175
65884,163.99070715,18,177
28296,76.873101102,18,179
24102,47.713490117,18,181
33964,101.20933212,18,183
7152,12.563443789,19,001
3602,8.5066598383,19,003
13687,21.417938912,19,005
12426,24.987359546,19,007
5496,12.407403201,19,009
25645,35.811923904,19,011
131228,231.94683615,19,013
26234,45.89908405,19,015
25062,57.550411298,19,017
21175,37.078870166,19,019
19620,34.12772577,19,021
14439,24.888899587,19,023
9668,16.965983886,19,025
20165,35.412167908,19,027
12836,22.748443331,19,029
18627,32.145354397,19,031
42450,74.696474422,19,033
11235,19.474556508,19,035
11933,23.661385458,19,037
9395,21.789724194,19,039
16016,28.235064712,19,041
17549,22.542176089,19,043
46429,66.812594993,19,045
16820,23.551164344,19,047
93453,158.84728471,19,049
9000,17.92156117,19,051
7870,14.79652284,19,053
17011,29.447001038,19,055
38967,93.641698544,19,057
17258,45.353724812,19,059
97311,159.97222714,19,061
9208,23.259009204,19,063
19650,26.887237429,19,065
15642,31.24645399,19,067
10070,17.303228857,19,069
6960,13.615908945,19,071
8888,15.603445723,19,073
12232,24.373585812,19,075
10689,18.09792974,19,077
14773,25.614067098,19,079
10630,18.616312523,19,081
16846,29.590225761,19,083
14049,20.160928433,19,085
19954,45.946536575,19,087
9158,19.351436002,19,089
9558,22.004248277,19,091
6860,15.897745198,19,093
16184,27.59631515,19,095
19439,30.562376885,19,097
37185,50.909554584,19,099
18295,42.006949047,19,101
151140,246.56142631,19,103
20681,35.928316003,19,105
10246,17.690496463,19,107
14813,15.228258331,19,109
33657,65.031385435,19,111
226706,316.15240015,19,113
11035,27.46584375,19,115
8600,19.971974117,19,117
11755,20.003394347,19,119
16338,29.122675181,19,121
22095,38.704844554,19,123
33253,59.970497482,19,125
39369,68.766444364,19,127
15109,34.540247291,19,129
10586,22.565025864,19,131
8615,12.412258759,19,133
7707,17.769668271,19,135
9917,23.383809178,19,137
42664,97.529987564,19,139
13753,24.000272691,19,141
5958,14.94406449,19,143
15107,28.240359593,19,145
8886,15.759124018,19,147
25177,29.179614225,19,149
6619,11.466615017,19,151
490161,856.60533826,19,153
93206,98.058840781,19,155
18504,31.634899565,19,157
4894,9.1391632427,19,159
9721,16.905438797,19,161
172943,377.53372127,19,163
11454,19.387960371,19,165
34855,45.389191751,19,167
97117,169.62374182,19,169
16854,23.375501733,19,171
6121,11.50776661,19,173
12241,28.894466354,19,175
7044,14.529470133,19,177
34969,80.97727352,19,179
51466,90.316926025,19,181
21965,38.615577756,19,183
6441,12.257122236,19,185
35904,50.165658876,19,187
10354,25.853388122,19,189
19991,28.979356885,19,191
103107,118.12055755,19,193
7381,18.44680705,19,195
12562,21.643119997,19,197
12369,24.723295032,20,001
7858,13.556579662,20,003
16073,37.277258299,20,005
4427,3.9036217019,20,007
25779,28.795076766,20,009
14534,22.871229908,20,011
9564,16.753335346,20,013
66911,46.801852652,20,015
2648,3.4253773615,20,017
3250,5.0870192967,20,019
19939,33.934863448,20,021
2657,2.6051838393,20,023
1994,2.0458881424,20,025
8002,12.400463388,20,027
8786,12.282240647,20,029
8179,13.047055805,20,031
1700,2.1565461765,20,033
34908,31.008988735,20,035
38818,65.818822002,20,037
2827,3.1639003539,20,039
18466,21.799919935,20,041
7600,19.314884583,20,043
122259,268.25026837,20,045
2798,4.4991555354,20,047
2530,3.9269599516,20,049
28553,31.728644056,20,051
6102,8.5274061885,20,053
36467,28.008502744,20,055
33619,30.610846984,20,057
25544,44.67516335,20,059
31670,82.331789641,20,061
2636,2.4597217138,20,063
2482,2.7622990886,20,065
7150,12.438934873,20,067
5988,6.8917304517,20,069
1232,1.5827249843,20,071
5982,5.2322042105,20,073
2539,2.5478828777,20,075
5436,6.7841951533,20,077
34429,63.786246623,20,079
3968,6.8707451355,20,081
1794,2.08606574,20,083
13171,20.071031386,20,085
19043,35.7567766,20,087
2879,3.1638376308,20,089
602401,1271.9107791,20,091
3838,4.4087411492,20,093
7152,8.2833469159,20,095
2475,3.4249439775,20,097
19618,30.396972182,20,099
1535,2.1396447458,20,101
81758,176.42879682,20,103
2962,4.1173435412,20,105
9703,16.332789212,20,107
2794,2.6039305654,20,109
33195,39.168791559,20,111
28542,31.773879389,20,113
11884,12.584998727,20,115
9707,10.783461385,20,117
4033,4.1233733037,20,119
34237,59.451750032,20,121
5979,8.5196180086,20,123
31829,49.455110534,20,125
5620,8.0823455421,20,127
2587,3.5451436656,20,129
10231,14.260679611,20,131
16007,28.009665904,20,133
2750,2.5587597488,20,135
5361,6.1056184825,20,137
15949,22.606454106,20,139
3421,3.8329858362,20,141
5704,7.914193336,20,143
6414,8.5036672211,20,145
5234,5.908308454,20,147
24383,29.001823024,20,149
9164,12.467373808,20,151
2530,2.3657762688,20,153
61998,49.38868617,20,155
4636,6.4624296629,20,157
9537,13.132139639,20,159
74232,121.75160919,20,161
4920,5.5248185644,20,163
3036,4.2298084507,20,165
6856,7.7358785344,20,167
54224,75.285807566,20,169
4823,6.7211539001,20,171
516042,517.63208961,20,173
21428,33.49941877,20,175
176875,325.12414668,20,177
2521,2.8137505904,20,179
5917,5.6028797971,20,181
3583,4.0012762274,20,183
4156,5.2471696792,20,185
2006,2.9484739467,20,187
5485,7.5420100117,20,189
22836,19.325438109,20,191
7777,7.236529009,20,193
2803,3.1513001561,20,195
6931,8.7255260632,20,197
1518,1.6614637036,20,199
5406,6.0418406191,20,201
2119,2.9489274448,20,203
8525,14.945079645,20,205
3138,6.3035002498,20,207
165429,1090.9501807,20,209
19202,47.37865372,21,001
21315,61.900867646,21,003
22747,112.51640885,21,005
7888,31.952183635,21,007
44249,90.751511828,21,009
12500,44.835455746,21,011
26032,72.500062436,21,013
133581,542.38531809,21,015
19788,68.294236446,21,017
46718,292.23002666,21,019
30060,166.6759846,21,021
8303,40.958662161,21,023
12630,25.649019893,21,025
20477,35.93680081,21,027
81676,274.97464615,21,029
12879,30.225899168,21,031
12747,36.970326972,21,033
39001,101.29328541,21,035
93584,618.36956916,21,037
4760,25.126690865,21,039
10631,82.686200199,21,041
26797,65.439137344,21,043
16159,36.374604486,21,045
70461,98.202174987,21,047
36263,143.62305774,21,049
19901,42.406022304,21,051
10218,51.802218299,21,053
8806,24.463610457,21,055
6614,21.671344299,21,057
101511,221.45056716,21,059
12150,40.114242823,21,061
7517,32.080245893,21,063
14106,55.734273251,21,065
323152,1139.3160414,21,067
14581,41.833900245,21,069
35589,90.492274834,21,071
50991,245.33658255,21,073
5969,28.985406862,21,075
8869,90.186591437,21,077
17666,76.77575191,21,079
25069,97.175275666,21,081
37266,67.540731704,21,083
26427,52.861607943,21,085
10941,38.248687962,21,087
35098,101.89212911,21,089
8722,46.474390558,21,091
110958,177.98942936,21,093
26010,55.83572673,21,095
18886,61.635932237,21,097
19035,46.138540653,21,099
45210,103.57571385,21,101
16126,56.326539483,21,103
4380,18.078669234,21,105
44686,82.436479048,21,107
13329,38.612937494,21,109
766757,2014.0227305,21,111
54115,314.32036792,21,113
22188,84.698486295,21,115
166998,1041.8475561,21,117
14806,42.120167308,21,119
31145,80.622996485,21,121
14398,55.048119317,21,123
60813,140.12591263,21,125
15317,36.85553218,21,127
7403,35.444976907,21,129
9877,24.639918954,21,131
21553,63.779411427,21,133
13275,27.493606166,21,135
24549,73.755428529,21,137
9194,29.361760703,21,139
27102,49.078923673,21,141
8210,38.392804494,21,143
65418,263.01498592,21,145
17231,40.372181305,21,147
9207,36.459517574,21,149
92987,212.61316277,21,151
12161,39.426904824,21,153
19273,56.183317457,21,155
31100,102.91018444,21,157
11195,48.754813589,21,159
17070,71.087570437,21,161
28572,93.542822201,21,163
6489,31.873634579,21,165
21933,88.062645826,21,167
10071,34.77065823,21,169
10650,32.328524401,21,171
28157,142.67582816,21,173
13309,34.920123,21,175
30622,65.521513397,21,177
46233,110.73296762,21,179
7269,37.246091312,21,181
23994,40.855834367,21,183
66799,356.7531293,21,185
10901,31.047434231,21,187
4415,22.36465182,21,189
14590,52.641407859,21,191
25758,75.825729411,21,193
57876,73.565241763,21,195
12359,69.051991481,21,197
64979,98.690719695,21,199
2108,21.096602533,21,201
16695,52.74092318,21,203
24460,87.407174054,21,205
17923,70.648526683,21,207
57004,202.30864343,21,209
49024,129.08719229,21,211
18572,79.297915882,21,213
19351,103.63457527,21,215
25769,96.741848124,21,217
12294,32.827507186,21,219
14651,33.180015672,21,221
8471,55.859628715,21,223
14381,41.944729182,21,225
132896,245.32233319,21,227
12095,40.727730409,21,229
20333,44.377379779,21,231
12942,38.970322035,21,233
36264,82.826507636,21,235
7157,32.213986273,21,237
26734,140.62281054,21,239
62045,94.700707541,22,001
25627,33.639535385,22,003
126604,436.47087276,22,005
21891,64.647079959,22,007
40144,48.247980919,22,009
37497,32.398662514,22,011
13241,16.321107385,22,013
127039,151.18027749,22,015
240204,273.24871047,22,017
203436,191.17170445,22,019
9918,18.731242309,22,021
6973,5.4270110836,22,023
9494,13.409082383,22,025
15670,20.758316811,22,027
19259,27.632032472,22,029
27463,31.335221614,22,031
440059,966.32950896,22,033
6861,16.308225429,22,035
19135,42.203110874,22,037
33395,50.416623482,22,039
20015,32.04486506,22,041
22389,34.818184216,22,043
69830,121.63527746,22,045
32511,52.553244991,22,047
15744,27.660580746,22,049
432493,1462.6262651,22,051
31368,48.157393219,22,053
244390,909.31982202,22,055
97614,91.368110492,22,057
14892,23.839232775,22,059
46742,99.0838206,22,061
140789,217.20879605,22,063
10951,17.538307858,22,065
24874,31.290791313,22,067
38158,30.470948387,22,069
390144,2302.6374138,22,071
153279,251.1116736,22,073
23197,29.728545536,22,075
21730,38.99722052,22,077
129648,98.192567737,22,079
8442,21.696681573,22,081
20122,36.208352152,22,083
23884,27.558702689,22,085
47244,125.14573935,22,087
53100,191.17851703,22,089
10132,24.808505345,22,091
21096,86.871546668,22,093
42837,199.87405514,22,095
82124,88.887185914,22,097
53431,72.476146902,22,099
49348,88.821794421,22,101
260419,308.11584066,22,103
134758,170.29739933,22,105
4334,7.1899664276,22,107
110461,89.818254816,22,109
22108,25.210420188,22,111
59511,50.724849878,22,113
47429,35.71682519,22,115
46194,68.987873431,22,117
38340,64.634343586,22,119
26465,137.55753053,22,121
10830,30.112950416,22,123
15568,38.599771755,22,125
13904,14.634460857,22,127
108277,231.38475747,23,001
67055,10.051576727,23,003
295003,352.89761995,23,005
30199,17.795475907,23,007
54987,34.645644241,23,009
122302,140.98712851,23,011
39772,108.92385888,23,013
34634,75.973982205,23,015
57975,27.913480483,23,017
152148,44.786332683,23,019
16785,4.2375349874,23,021
35856,141.18140766,23,023
50484,12.864516179,23,025
39715,54.406293707,23,027
31379,12.244379978,23,029
207641,209.51068713,23,031
70416,166.78822935,24,001
579234,1396.3829343,24,003
827370,1382.729562,24,005
92525,434.00050012,24,009
33406,104.57619239,24,011
168447,376.30966539,24,013
102855,297.01220814,24,015
163257,356.61443653,24,017
31929,59.044178964,24,019
259547,392.93959344,24,021
29014,44.700376478,24,023
255441,584.36625333,24,025
325690,1297.8389407,24,027
19422,70.106751946,24,029
1050688,2130.9408448,24,031
909327,1884.0230157,24,033
50381,135.54566935,24,035
113510,316.45080426,24,037
25616,80.112913384,24,039
37181,138.44689006,24,041
151049,329.96899188,24,043
103609,276.71828694,24,045
52276,111.60503213,24,047
593490,7331.86199,24,510
212990,540.28526702,25,001
124944,134.8010402,25,003
565217,1021.8915565,25,005
17332,167.93707063,25,007
789034,1602.0491904,25,009
70180,100.37204203,25,011
466372,755.86978552,25,013
160830,305.04380266,25,015
1611699,1970.6497636,25,017
11399,246.91891744,25,019
706775,1784.3023037,25,021
521202,791.40182088,25,023
803907,13801.32086,25,025
830622,549.84556659,25,027
10405,15.422689479,26,001
9108,9.9537353438,26,003
118081,143.08457611,26,005
28405,49.670674998,26,007
23324,49.033075604,26,009
14883,40.979861816,26,011
8209,9.1370837718,26,013
61550,111.28294415,26,015
103126,233.18956032,26,017
17766,55.571165291,26,019
153401,270.17675623,26,021
43517,85.931712323,26,023
134159,189.95680754,26,025
51787,105.66504405,26,027
26143,62.793990963,26,029
25276,35.337490386,26,031
37349,23.964595127,26,033
30950,54.840333774,26,035
79595,140.52327145,26,037
14029,25.213726526,26,039
35784,30.555858501,26,041
25239,33.167855677,26,043
110268,191.70294512,26,045
33415,71.472800946,26,047
405813,637.13419012,26,049
25449,50.716810984,26,051
13975,12.679928117,26,053
93088,200.47545154,26,055
40711,71.626301081,26,057
45605,76.243131424,26,059
35684,35.362183822,26,061
30981,37.057663334,26,063
292406,525.85045211,26,065
64697,113.24134529,26,067
25127,45.759969596,26,069
11066,9.490587191,26,071
69872,122.00482816,26,073
158510,225.83595663,26,075
265066,471.66376213,26,077
18038,32.225470771,26,079
656955,773.91239313,26,081
2116,3.9177069113,26,083
11853,20.882984645,26,085
87607,135.40872699,26,087
21761,62.675826362,26,089
98451,131.33472315,26,091
191995,339.66252777,26,093
6229,6.9282314995,26,095
10799,10.567935077,26,097
873972,1823.920056,26,099
24558,45.282773084,26,101
66699,36.869719957,26,103
29144,58.880195562,26,105
43453,78.275742221,26,107
22780,21.819069668,26,109
83156,161.06787449,26,111
15118,26.767574969,26,113
150500,273.96005418,26,115
63888,90.579015271,26,117
9328,17.063162454,26,119
173566,344.43604061,26,121
48980,58.386910952,26,123
1257584,1450.2364112,26,125
26467,49.186194688,26,127
20997,37.261542518,26,129
5720,4.363156261,26,131
23460,41.427818302,26,133
8241,14.568469737,26,135
24668,47.898433306,26,137
291830,517.87771245,26,139
12592,19.115942156,26,141
24019,46.199560286,26,143
190539,237.96434236,26,145
159128,220.60178088,26,147
60964,121.78295348,26,149
41170,42.770877467,26,151
8094,6.906872066,26,153
68122,128.29983954,26,155
52245,64.924742237,26,157
75677,124.50408739,26,159
367601,520.70814112,26,161
1749343,2859.4342735,26,163
33631,59.531806221,26,165
15886,8.7199594104,27,001
356921,845.85743528,27,003
34423,26.175510045,27,005
47188,18.839747795,27,007
40889,100.14532941,27,009
4991,9.9984632989,27,011
67653,90.47132325,27,013
25008,40.922298487,27,015
35871,41.647316916,27,017
105089,296.69689409,27,019
29779,14.731333366,27,021
11800,20.303369878,27,023
56579,136.36792119,27,025
64222,61.444800031,27,027
8818,8.8283642409,27,029
5463,3.7609247106,27,031
11196,17.494488844,27,033
65055,65.161583762,27,035
429021,762.64373784,27,037
20934,47.655467449,27,039
38141,59.899141062,27,041
13653,19.162700747,27,043
21067,24.459645838,27,045
30281,42.815422596,27,047
46340,61.239035106,27,049
5972,10.901861513,27,051
1265843,2285.5562907,27,053
18600,33.692997502,27,055
21491,23.208260523,27,057
40596,93.165624485,27,059
45130,16.919592696,27,061
9846,14.0062449,27,063
16337,31.319489947,27,065
43199,54.176025838,27,067
4298,3.911489357,27,069
12229,3.9388267141,27,071
6623,8.6572817159,27,073
10641,5.0448831546,27,075
3740,2.8817288712,27,077
28887,64.383627747,27,079
5639,10.50520479,27,081
25474,35.657360888,27,083
35893,73.029528206,27,085
5527,9.9073845865,27,087
9336,5.2595400973,27,089
19683,27.631827386,27,091
23222,38.189705925,27,093
26277,45.909623326,27,095
33386,29.673957249,27,097
40062,56.319970769,27,099
8194,11.628222942,27,101
34274,76.400468118,27,103
21629,30.246431716,27,105
6375,7.3041716819,27,107
158293,242.17997944,27,109
58746,29.792220779,27,111
14119,22.898980351,27,113
29579,20.958857302,27,115
9126,19.623444931,27,117
31364,15.912147979,27,119
11249,16.801327639,27,121
550321,3614.7495441,27,123
4055,9.3777358222,27,125
15170,17.266637234,27,127
14548,14.800834367,27,129
66972,135.06823581,27,131
9315,19.307375141,27,133
15165,9.0720458901,27,135
199070,31.864876138,27,137
149013,418.27773972,27,139
97238,224.61508106,27,141
14865,25.244790028,27,143
161075,119.95486531,27,145
36649,85.300632675,27,147
9805,17.396766025,27,149
9266,12.488154938,27,151
24664,26.097102749,27,153
3259,5.6789691015,27,155
21627,41.355721651,27,157
13682,25.512945268,27,159
18612,43.962272694,27,161
262440,682.70748369,27,163
10897,25.053207396,27,165
6207,8.2649846965,27,167
50484,80.630163761,27,169
138377,209.30733641,27,171
9709,12.790126272,27,173
30693,66.385698464,28,001
36953,92.372228,28,003
12297,16.842892656,28,005
18174,24.727984045,28,007
8259,20.311530418,28,009
30628,34.937106621,28,011
14361,24.482865997,28,013
9947,15.831861263,28,015
17103,34.084547719,28,017
8210,19.63194311,28,019
8988,18.440123367,28,021
15541,22.471815104,28,023
19316,47.104613236,28,025
22124,40.04425448,28,027
28065,36.106448403,28,029
18636,45.034236115,28,031
184945,388.28481855,28,033
74897,160.7087323,28,035
7713,13.676416201,28,037
24500,51.18070712,28,039
13586,19.061698139,28,041
20758,49.175348365,28,043
47632,100.49706734,28,045
208080,362.73502365,28,047
231840,266.53483115,28,049
17010,22.479955521,28,051
8064,19.268154104,28,053
1327,3.2127211451,28,055
23390,43.900550469,28,057
143617,198.69615004,28,059
16383,24.226590338,28,061
6990,13.444036679,28,063
11128,27.244699908,28,065
68098,98.009284839,28,067
9742,12.714988419,28,069
54019,85.514469568,28,071
63343,127.53420101,28,073
74125,105.33991289,28,075
12586,29.228846945,28,077
22786,39.090929753,28,079
85436,189.87249178,28,081
28183,47.440181907,28,083
34153,58.260962685,28,085
58595,115.9279,28,087
106272,148.73165309,28,089
24573,45.305490493,28,091
35294,49.978391123,28,093
35252,46.075711377,28,095
9775,24.018344857,28,097
29118,51.072172722,28,099
21018,36.372465058,28,101
10417,14.985073815,28,103
49587,108.21201709,28,105
34192,49.902573387,28,107
55535,68.45154097,28,109
11973,18.499476747,28,111
39288,96.054561794,28,113
32174,64.637114568,28,115
25126,60.546741636,28,117
6792,16.769884482,28,119
155271,200.22178346,28,121
28124,46.163081769,28,123
4321,10.008801405,28,125
26658,45.247071086,28,127
15916,25.01462249,28,129
18336,41.15965934,28,131
25110,35.986645721,28,133
13809,21.401899377,28,135
28321,69.96925998,28,137
22015,48.086327833,28,139
19383,45.682011867,28,141
9632,21.1842105,28,143
28815,69.332278998,28,145
14286,35.367668867,28,147
45381,77.109021141,28,149
43909,60.510539926,28,151
20183,24.895267243,28,153
9689,23.006334151,28,155
8630,12.726618613,28,157
17955,29.567667395,28,159
12108,25.918831808,28,161
29690,32.189892424,28,163
25343,44.671131616,29,001
17712,40.940176015,29,003
5143,9.3972906116,29,005
25388,36.674883278,29,007
35789,45.996873574,29,009
11754,19.853718018,29,011
16172,19.328436321,29,013
19443,27.616221732,29,015
12133,19.635728617,29,017
180463,263.23792216,29,019
87364,213.99931143,29,021
42478,61.148432096,29,023
9020,21.154235866,29,025
44743,53.612240095,29,027
46305,70.582263849,29,029
78871,136.32740613,29,031
8679,12.494570616,29,033
5982,11.790479403,29,035
105780,151.84868186,29,037
14349,30.242182817,29,039
7426,9.8858060775,29,041
88595,157.46085469,29,043
6797,13.469902318,29,045
249948,628.53851175,29,047
20387,48.661263911,29,049
76745,196.00416998,29,051
17709,31.357063255,29,053
23920,32.216496676,29,055
7561,15.430285339,29,057
16878,31.200586164,29,059
8278,14.696013434,29,061
12547,29.777552496,29,063
15573,20.687849425,29,065
13185,16.205291803,29,067
29131,53.83678693,29,069
103967,112.68290408,29,071
14706,28.334995611,29,073
6571,13.371403179,29,075
293086,433.99134554,29,077
9850,22.628482873,29,079
8352,11.559592485,29,081
21824,31.313821239,29,083
9544,23.931304507,29,085
4403,9.5160268006,29,087
10001,21.563161223,29,089
40117,43.26456481,29,091
10125,18.400244116,29,093
703011,1162.931543,29,095
121328,190.0185214,29,097
225081,342.86704813,29,099
54062,65.193056194,29,101
3959,7.8550222824,29,103
35723,46.719314795,29,105
32708,52.046688119,29,107
38355,62.698438166,29,109
9776,19.356807308,29,111
59013,94.184155997,29,113
11920,19.363587929,29,115
15227,28.60590525,29,117
22837,42.33149127,29,119
15117,18.867769507,29,121
12088,24.450448455,29,123
8697,16.503529137,29,125
28530,65.297661358,29,127
3617,7.96985334,29,129
25619,43.231385744,29,131
13180,32.022690754,29,133
16132,38.869666034,29,135
8644,13.346540623,29,137
11551,21.588757537,29,139
20627,34.514395664,29,141
17076,25.303107644,29,143
58236,93.214223988,29,145
22092,25.19145179,29,147
10529,13.331281979,29,149
13615,22.44552221,29,151
9174,12.314564686,29,153
15805,32.083799368,29,155
19136,40.341082461,29,157
42339,62.060204177,29,159
44573,66.349948124,29,161
18302,27.298538048,29,163
104418,248.74104911,29,165
32149,50.586398876,29,167
52607,96.154009665,29,169
4696,9.0776127673,29,171
10309,21.943997437,29,173
24748,51.268681755,29,175
23018,40.466991263,29,177
6270,7.755320204,29,179
13288,21.107767682,29,181
402022,717.24099366,29,183
9397,13.921868747,29,185
17894,35.848721732,29,186
67215,148.74295845,29,187
994205,1959.2565868,29,189
22761,30.127358442,29,195
4660,15.164085097,29,197
4902,11.230055778,29,199
38280,91.144708953,29,201
8166,8.1349161498,29,203
5930,11.839555224,29,205
29025,35.257978342,29,207
31952,68.879713742,29,209
6089,9.3968690767,29,211
55928,88.441821947,29,213
25398,21.573721249,29,215
20563,24.882881679,29,217
35649,83.174037337,29,219
24730,32.545209763,29,221
12873,16.9563298,29,223
39592,66.814815375,29,225
2013,7.5498265512,29,227
18289,26.825578604,29,229
300576,4868.1340932,29,510
9453,1.7054905801,30,001
13319,2.6649647236,30,003
6681,1.5805077967,30,005
6237,5.2308066018,30,007
10725,5.2375714543,30,009
1252,0.3747967343,30,011
81366,30.155952191,30,013
5635,1.4184887736,30,015
11402,3.013764257,30,017
1690,1.1851196078,30,019
8613,3.6312389346,30,021
9140,12.406969979,30,023
2846,1.7561456253,30,025
11050,2.5464764323,30,027
103806,20.405340238,30,029
114434,43.928342984,30,031
1258,0.2690011688,30,033
13753,4.5920690096,30,035
821,0.6990668972,30,037
3379,1.9563885246,30,039
16484,5.6857649916,30,041
12221,7.375987558,30,043
2007,1.0734417522,30,045
30458,20.43520938,30,047
69432,20.076447454,30,049
2337,1.6342849988,30,051
19980,5.5307416997,30,053
1664,0.6297721681,30,055
8600,2.3967733878,30,057
1862,0.778470989,30,059
4397,3.6052229198,30,061
119600,46.124019179,30,063
4633,2.4789219461,30,065
16606,5.9254860741,30,067
487,0.2941488054,30,069
3954,0.7691891173,30,071
5911,3.6385085471,30,073
1682,0.5099757071,30,075
6890,2.9621132115,30,077
1077,0.6201763872,30,079
43806,18.321220792,30,081
10803,5.1823990582,30,083
11004,4.673400701,30,085
8937,1.7844965407,30,087
12113,4.3881307444,30,089
3309,1.9745695867,30,091
34915,48.629261015,30,093
9642,5.3663673795,30,095
3737,2.0140071587,30,097
6147,2.706018259,30,099
4736,2.4730862096,30,101
696,0.7118014976,30,103
7396,1.5013905822,30,105
2126,1.4945719367,30,107
969,1.0892884993,30,109
161300,61.249907888,30,111
31363,55.679831279,31,001
6298,7.3475479016,31,003
463,0.6472314918,31,005
745,0.9983775724,31,007
465,0.6542953464,31,009
5192,7.5624083429,31,011
10783,10.027968985,31,013
1919,3.554133884,31,015
2955,2.4194428544,31,017
49659,51.288943727,31,019
6459,13.139109944,31,021
8016,13.704882904,31,023
26248,47.094049154,31,025
8402,11.350329765,31,027
3924,4.387207494,31,029
5689,0.954496825,31,031
8910,7.4480483993,31,033
6203,10.838920036,31,035
10709,26.015018698,31,037
8846,15.505024462,31,039
10777,4.1842776759,31,041
20026,75.777798743,31,043
8589,6.1504484647,31,045
23595,23.290165082,31,047
1794,4.0786529296,31,049
5636,11.837592757,31,051
36565,69.112622959,31,053
571327,1750.3315009,31,055
1693,1.8408607909,31,057
5462,9.4930130495,31,059
2979,5.1735299796,31,061
2627,2.6953783193,31,063
4676,6.5022866052,31,065
21513,25.265967619,31,067
1837,1.0771377764,31,069
1969,3.4584500432,31,071
1990,4.3435071587,31,073
623,0.8019369864,31,075
2356,4.1347027685,31,077
61353,112.28771136,31,079
9324,17.20619293,31,081
3380,6.1069654585,31,083
922,1.2930155474,31,085
2762,3.8904555632,31,087
10067,4.1730281313,31,089
682,0.9456983962,31,091
6445,11.320165882,31,093
7046,12.357694844,31,095
5071,13.48410132,31,097
6495,12.58128098,31,099
8034,7.5678204537,31,101
806,1.0425883086,31,103
3632,3.8157442794,31,105
8332,7.5168493371,31,107
319090,380.97565271,31,109
34914,13.616300202,31,111
748,1.3107617489,31,113
664,1.1783048481,31,115
494,0.5751044011,31,117
35099,61.295214342,31,119
7755,15.961657454,31,121
4642,3.2602041376,31,123
3519,7.968788082,31,125
6972,17.114383308,31,127
4148,7.2119658497,31,129
16012,26.007704072,31,131
2613,6.0615950811,31,133
2891,3.2728226159,31,135
9034,16.736150368,31,137
7148,12.469282269,31,139
33470,49.651397125,31,141
5213,11.892442783,31,143
10724,14.956643484,31,145
7865,14.252296288,31,147
1357,1.3458392551,31,149
14224,24.777834741,31,151
187196,786.03485862,31,153
21578,28.797915551,31,155
35618,48.170429466,31,157
17284,30.246948434,31,159
5246,2.1491544553,31,161
3001,5.3037264658,31,163
1166,0.5641847968,31,165
5920,13.844441815,31,167
5003,8.7189595068,31,169
722,1.0127640743,31,171
7224,18.354415058,31,173
4158,7.3189816923,31,175
20729,53.157082836,31,177
9385,21.189121524,31,179
3487,6.0652647493,31,181
783,1.3613051506,31,183
13679,23.893031935,31,185
24909,5.0315934926,32,001
2266715,287.22956575,32,003
48905,68.907305178,32,005
52778,3.0732329381,32,007
873,0.2437261341,32,009
2029,0.4859079236,32,011
16831,1.7458110839,32,013
5532,1.0023106655,32,015
5183,0.487427051,32,017
57510,28.737262348,32,019
4505,1.2004236421,32,021
46523,2.5587515174,32,023
6725,1.1140398122,32,027
4123,15.619160642,32,029
471519,74.652791386,32,031
9580,1.0780196709,32,033
55916,386.53062391,32,510
61303,152.5541781,33,001
48910,52.486314757,33,003
76085,107.66103741,33,005
31563,17.588023557,33,007
89886,52.607970005,33,009
417025,475.76907022,33,011
151391,162.28312683,33,013
309769,445.46308918,33,015
130633,355.49211654,33,017
43146,80.265104847,33,019
263670,474.6408252,34,001
932202,4004.5571387,34,003
445349,557.17907045,34,005
506471,2288.1000494,34,007
92039,365.9844659,34,009
149527,309.34872587,34,011
798975,6336.819561,34,013
291636,905.76706199,34,015
672391,14555.938983,34,017
124371,290.70129177,34,019
367430,1637.0943852,34,021
825062,2668.2428893,34,023
618795,1321.6980276,34,025
491845,1067.0035589,34,027
607186,966.33708117,34,029
501826,2697.8238848,34,031
62385,187.98501269,34,033
328934,1089.6673742,34,035
140488,270.81851695,34,037
556341,5413.6512622,34,039
105267,295.24915188,34,041
679121,584.81475658,35,001
3527,0.5093739202,35,003
64615,10.649933773,35,005
26675,5.8755708181,35,006
11941,3.1775091604,35,007
48954,34.829990059,35,009
1748,0.7524405615,35,011
218195,57.29626104,35,013
58460,13.997886242,35,015
26998,6.8156016916,35,017
4300,1.4192488889,35,019
625,0.2940514703,35,021
4198,1.2208692786,35,023
71070,16.183646715,35,025
19572,4.0512386308,35,027
19369,177.36131825,35,028
23709,7.995808434,35,029
71367,13.093231143,35,031
4521,2.3470481057,35,033
67490,10.206331194,35,035
8253,2.8716526292,35,037
38921,6.6408197872,35,039
18500,7.5632109614,35,041
146748,39.553538726,35,043
123958,22.467540524,35,045
27277,5.7771715417,35,047
150358,78.705888768,35,049
10791,2.5808402227,35,051
16637,2.5031646355,35,053
32723,14.858065134,35,055
15461,4.6218283705,35,057
4059,1.0611590963,35,059
76688,71.889786821,35,061
305506,584.33256541,36,001
46091,44.77637219,36,003
1418207,33726.504271,36,005
190488,269.88239734,36,007
76117,58.181057809,36,009
76576,110.72575473,36,011
126903,119.69102866,36,013
83456,204.87412967,36,015
47207,52.828329489,36,017
80485,77.556663383,36,019
59461,93.689022044,36,021
47581,95.396124759,36,023
44135,30.597824625,36,025
294218,369.78375908,36,027
918702,881.05768715,36,029
36885,20.55884778,36,031
50022,30.703152587,36,033
53383,107.74438361,36,035
57280,116.20104734,36,037
47188,72.915339799,36,039
4416,2.5713611478,36,041
61319,43.441185009,36,043
109834,86.571938376,36,045
2559903,36901.373131,36,047
26296,20.6301086,36,049
62914,99.585045201,36,051
70941,108.33200053,36,053
741770,1129.2528105,36,055
49221,122.10117072,36,057
1356924,4767.2768183,36,059
1628706,71874.138732,36,061
209281,400.65064847,36,063
228671,188.62097719,36,065
460528,591.64396863,36,067
109777,170.44802449,36,069
384940,473.88006089,36,071
40352,103.132638,36,073
117124,123.07519405,36,075
59493,59.389832161,36,077
98320,426.87222133,36,079
2253858,20719.741247,36,081
158714,243.25640923,36,083
476143,8277.8254914,36,085
325789,1878.3505416,36,087
107740,40.208969052,36,089
229863,283.78298772,36,091
155299,759.10726707,36,093
30999,49.852132934,36,095
17807,54.232858875,36,097
34016,105.08188284,36,099
95379,68.590607713,36,101
1476601,1619.4232899,36,103
75432,77.914576302,36,105
48203,92.9464711,36,107
102180,215.27841332,36,109
177573,157.94992078,36,111
63944,73.734692899,36,113
61204,73.636188916,36,115
89918,148.91272452,36,117
967506,2246.9377106,36,119
39859,67.244018547,36,121
24913,73.674655804,36,123
169509,400.30913458,37,001
37497,144.22752207,37,003
11137,47.509157206,37,005
24446,45.997713289,37,007
27203,63.996291002,37,009
17557,70.983871115,37,011
46994,56.476894512,37,013
18947,27.0990253,37,015
32722,37.402377212,37,017
142820,168.18324189,37,019
261191,397.85567395,37,021
90485,178.74051206,37,023
216453,599.16695849,37,025
82178,174.14608166,37,027
10867,45.217221115,37,029
69473,136.8649266,37,031
22604,53.140025642,37,033
159551,397.51319692,37,035
74470,109.23828497,37,037
28612,62.808841651,37,039
13943,80.755419153,37,041
11231,52.241235419,37,043
97947,210.99489475,37,045
55508,59.169334048,37,047
102139,144.5555646,37,049
335509,514.14058616,37,051
27763,106.0010731,37,053
37009,96.571562372,37,055
167609,302.99227737,37,057
42846,162.48352625,37,059
58741,72.096173339,37,061
321488,1122.1784672,37,063
51472,101.83748118,37,065
382295,937.43532337,37,067
69685,141.69366231,37,069
224529,631.14399141,37,071
11562,33.944753913,37,073
8441,28.910878119,37,075
60443,113.6165962,37,077
21069,78.988600799,37,079
537174,831.63473721,37,081
50010,69.099584032,37,083
135976,228.52258588,37,085
62317,112.57496366,37,087
117417,314.8389384,37,089
23677,67.042594974,37,091
55234,141.58061619,37,093
4937,8.0624447293,37,095
181806,316.57176203,37,097
43938,89.467275583,37,099
209339,264.5772215,37,101
9419,19.982272598,37,103
61779,242.21173834,37,105
55949,140.19255974,37,107
86111,291.06950124,37,109
45756,104.00162297,37,111
35858,69.548935776,37,113
21755,48.385830401,37,115
22440,49.164708645,37,117
1110356,2120.6952358,37,119
14964,67.633735428,37,121
27173,55.281668343,37,123
100880,144.59422488,37,125
94298,174.4825438,37,127
234473,1219.6196066,37,129
19483,36.302998216,37,131
197938,259.73695195,37,133
148476,373.46914676,37,135
12726,37.818061616,37,137
39824,175.52892186,37,139
63060,72.374972057,37,141
13463,54.468411395,37,143
39490,100.65405418,37,145
180742,277.05461555,37,147
20724,87.190319676,37,149
143667,183.6394736,37,151
44829,94.637987543,37,153
130625,137.89527245,37,155
91010,160.89779213,37,157
142088,277.79772419,37,159
67029,118.54362688,37,161
63531,67.178650753,37,163
34823,109.114949,37,165
62806,158.94886275,37,167
45591,101.53575237,37,169
71783,134.49000846,37,171
14271,27.042314753,37,173
34385,90.880676848,37,175
4016,10.276999845,37,177
239859,379.08988838,37,179
44535,176.44596321,37,181
1111761,1331.7237897,37,183
19731,45.9511292,37,185
11580,33.418969015,37,187
56177,179.80064953,37,189
123131,222.29064897,37,191
68412,90.667151638,37,193
81801,222.55826689,37,195
37667,112.4582325,37,197
18069,57.803747003,37,199
2216,2.2439446909,38,001
10415,6.9826302577,38,003
6832,4.9202224485,38,005
928,0.8080185878,38,007
6282,3.7653365145,38,009
3024,2.6028380851,38,011
2115,1.9165435738,38,013
95626,58.569438582,38,015
181923,103.07635096,38,017
3762,2.526436758,38,019
4872,4.3058137771,38,021
2264,1.7955742141,38,023
4424,2.2026478757,38,025
2287,3.6287835623,38,027
3241,2.1463537588,38,029
3210,5.062455206,38,031
1761,1.7594426897,38,033
69451,48.35661488,38,035
2274,1.3705126727,38,037
2231,3.1482178371,38,039
2499,2.2071308895,38,041
2480,1.8355932571,38,043
4046,3.5305251505,38,045
1850,1.8637942708,38,047
5745,3.0657294702,38,049
2497,2.5621736828,38,051
15024,5.4432148968,38,053
9450,4.4781226172,38,055
8187,7.8511219771,38,057
31364,16.285476694,38,059
10545,5.7772635601,38,061
2879,2.9323241254,38,063
1959,2.7117793628,38,065
6801,6.0794980653,38,067
3975,3.9036233971,38,069
11519,9.717556674,38,071
5218,6.0500494685,38,073
2327,2.652564885,38,075
16177,11.267876644,38,077
14176,15.700671564,38,079
3898,4.5405655376,38,081
1315,1.352566361,38,083
4230,3.8663624335,38,085
750,0.6171496478,38,087
31489,23.588801262,38,089
1890,2.6539618012,38,091
20704,9.3181363293,38,093
2189,2.1357994531,38,095
8036,9.3239016358,38,097
10641,8.3028581594,38,099
67641,33.603256116,38,101
3834,3.0176315294,38,103
37589,18.092542376,38,105
27698,47.438873099,39,001
102351,254.28582804,39,003
53484,126.45126569,39,005
97241,138.50558787,39,007
65327,129.71315915,39,009
45656,113.745286,39,011
67006,125.921388,39,013
43432,88.633628207,39,015
383134,821.24422469,39,017
26914,68.204307406,39,019
38885,90.642221337,39,021
134083,337.84492931,39,023
206428,456.57870505,39,025
41968,102.69035818,39,027
101883,191.53930458,39,029
36600,64.898306838,39,031
41494,103.27400791,39,033
1235072,2701.4936537,39,035
51113,85.458901208,39,037
38087,92.567806459,39,039
209177,472.01280004,39,041
74266,295.43396577,39,043
157574,312.39289873,39,045
28525,70.19621917,39,047
1316756,2473.1942743,39,049
42126,103.90010953,39,051
29898,64.085817031,39,053
93649,233.94676271,39,055
168937,408.43064059,39,057
38875,74.436982464,39,059
817473,2016.4246124,39,061
75783,142.63018728,39,063
31365,66.690088634,39,065
15040,37.382149104,39,067
27006,64.916674805,39,069
43161,78.037021703,39,071
28264,67.083076061,39,073
43960,104.03441376,39,075
58266,118.54863142,39,077
32413,77.116814064,39,079
65325,160.06153277,39,081
62322,118.59439775,39,083
230149,1003.8327763,39,085
59463,131.15757201,39,087
176862,259.16185882,39,089
45672,99.609680758,39,091
309833,630.77076244,39,093
428348,1261.1260995,39,095
44731,96.028141938,39,097
228683,555.73386662,39,099
65093,161.19786926,39,101
179746,426.48703678,39,103
22907,53.259514452,39,105
41172,89.031394041,39,107
106987,263.18253318,39,109
13654,29.961166323,39,111
531687,1152.0393866,39,113
14508,34.839325289,39,115
35328,86.986162943,39,117
86215,129.73521066,39,119
14424,36.240107909,39,121
40525,159.10019022,39,123
18672,44.837747104,39,125
36134,88.578059893,39,127
58457,116.62750047,39,129
27772,63.07778965,39,131
162466,333.32935278,39,133
40882,96.368359631,39,135
33861,70.171815753,39,137
121154,244.65823607,39,139
76666,111.24118125,39,141
58518,143.34021742,39,143
75314,123.41902648,39,145
55178,100.13676504,39,147
48590,119.18202353,39,149
370606,644.18021868,39,151
541013,1310.6276681,39,153
197974,320.30123638,39,155
91987,162.11111658,39,157
58988,136.63334929,39,159
28275,69.10612716,39,161
13085,31.732290399,39,163
234602,584.76648345,39,165
59911,94.799776992,39,167
115710,208.55959709,39,169
36692,87.224875515,39,171
130817,211.95638054,39,173
21772,53.509739625,39,175
22194,38.675265348,40,001
5702,6.5800034933,40,003
13758,14.104314454,40,005
5311,2.9264326952,40,007
21859,24.242545326,40,009
9429,10.155220818,40,011
47995,53.077612087,40,013
28762,22.509817603,40,015
148306,165.41304517,40,017
48111,58.514844004,40,019
48657,64.962516427,40,021
14672,19.046911192,40,023
2137,1.1646992495,40,025
284014,527.13525714,40,027
5495,10.633364459,40,029
120749,112.91607784,40,031
5666,8.9562140134,40,033
14142,18.577400412,40,035
71522,75.29799072,40,037
29003,29.332133511,40,039
43009,58.275503266,40,041
4891,4.8927868654,40,043
3859,3.1336357096,40,045
61056,57.68122497,40,047
27711,34.547662166,40,049
55834,50.733254135,40,051
4333,4.3297962235,40,053
5712,8.9350255753,40,055
2653,4.9380365263,40,057
3688,3.5509896953,40,059
12627,21.894379055,40,061
13279,16.50620984,40,063
24530,30.561168181,40,065
6002,7.9082356423,40,067
11085,17.238194327,40,069
43538,47.344747472,40,071
15765,17.55419481,40,073
8708,8.5786509619,40,075
10073,13.949740473,40,077
49853,31.369947281,40,079
34877,36.621214706,40,081
48011,64.544592052,40,083
10253,19.950901733,40,085
40474,70.917809271,40,087
32832,17.738738661,40,089
19596,31.693954432,40,091
7629,7.9884816819,40,093
16931,45.562258785,40,095
41100,62.711975408,40,097
14073,33.798980541,40,099
67997,83.882314103,40,101
11131,15.207974671,40,103
10076,17.807863609,40,105
11993,19.392154847,40,107
797434,1124.9568909,40,109
38465,55.151326485,40,111
46963,20.90398952,40,113
31127,66.11277109,40,115
16376,28.81316326,40,117
81784,119.40993544,40,119
43654,33.438017656,40,121
38284,53.142457435,40,123
72592,92.146201127,40,125
11096,7.9510610878,40,127
3583,3.1398806075,40,129
92459,136.84777519,40,131
24258,38.332441103,40,133
41569,61.72325706,40,135
43143,49.578461495,40,137
19983,9.7894775523,40,139
7250,8.3224841809,40,141
651552,1142.9119618,40,143
81289,144.72435257,40,145
51527,124.00494179,40,147
10916,10.882379619,40,149
8793,6.8350182087,40,151
20211,16.262656195,40,153
16124,5.2555982087,41,001
93053,137.81919361,41,003
418187,223.54826862,41,005
40224,48.571508088,41,007
52354,79.551515045,41,009
64487,40.403599241,41,011
24404,8.1922054821,41,013
22925,14.078396693,41,015
197692,65.512630726,41,017
110980,22.038774258,41,019
1912,1.5870889458,41,021
7199,1.5899583374,41,023
7393,0.7294928415,41,025
23382,44.785494437,41,027
220944,79.383302602,41,029
24658,13.835407554,41,031
87487,53.389719869,41,033
68238,11.482571274,41,035
7869,0.9668739251,41,037
382067,83.859255658,41,039
49962,50.929541696,41,041
129749,56.72720331,41,043
30571,3.0918178105,41,045
347818,294.62141393,41,047
11603,5.7142735901,41,049
812855,1885.5092324,41,051
86085,116.18606273,41,053
1780,2.1612053087,41,055
27036,24.525359167,41,057
77950,24.242337186,41,059
26835,13.174169677,41,061
7208,2.2912384394,41,063
26682,11.20557837,41,065
601592,830.61446109,41,067
1332,0.7762140631,41,069
107100,149.60215985,41,071
103009,198.59524445,42,001
1216045,1665.5479101,42,003
64735,99.105781763,42,005
163929,377.09710119,42,007
47888,47.306013177,42,009
421164,491.78051037,42,011
121829,231.70158614,42,013
60323,52.573032394,42,015
628270,1039.4906596,42,017
187853,237.92159069,42,019
130192,189.13291868,42,021
4447,11.223253065,42,023
64182,168.34632481,42,025
162385,146.4651832,42,027
524989,699.4921241,42,029
38438,63.974267484,42,031
79255,69.237526374,42,033
38632,43.505279213,42,035
64964,134.50285088,42,037
84629,83.600582285,42,039
253370,464.49105414,42,041
278299,530.20538373,42,043
566747,3083.2498462,42,045
29910,36.150608763,42,047
269728,337.55736828,42,049
129274,163.56471524,42,051
7247,16.961175813,42,053
155027,200.73439178,42,055
14530,33.207529634,42,057
36233,62.911894676,42,059
45144,51.613688264,42,061
84073,101.6217853,42,063
43425,66.558315824,42,065
24763,63.269337766,42,067
209674,457.0334112,42,069
545724,578.1440906,42,071
85512,239.37776967,42,073
141793,391.89646274,42,075
369318,1069.5744582,42,077
317417,356.66195853,42,079
113299,92.205620026,42,081
40625,41.48873934,42,083
109424,162.70848002,42,085
46138,112.24554929,42,087
170271,279.9324603,42,089
830915,1720.4403096,42,091
18230,139.9697778,42,093
305285,825.58117284,42,095
90843,198.34400703,42,097
46272,83.909955336,42,099
1584064,11796.782748,42,101
55809,102.40925076,42,103
16526,15.28313493,42,105
141359,181.548044,42,107
40372,122.79216121,42,109
73447,68.363626408,42,111
6066,13.481806501,42,113
40328,48.971707315,42,115
40591,35.801696889,42,117
44923,142.18097912,42,119
50668,75.143362613,42,121
39191,44.326762049,42,123
206865,241.38631598,42,125
51361,70.784131107,42,127
348899,339.3825051,42,129
26794,67.438935335,42,131
449058,496.54394588,42,133
48479,2008.8848537,44,001
164292,974.64998975,44,003
82082,801.28864723,44,005
638931,1560.3245879,44,007
125577,381.3700942,44,009
24527,49.909760456,45,001
170872,159.59199841,45,003
8688,21.289388396,45,005
202558,283.75304725,45,007
14066,35.757981075,45,009
20866,38.05032877,45,011
192122,333.45829391,45,013
227907,206.4992844,45,015
14553,38.181620933,45,017
411406,448.18214778,45,019
57300,145.67691039,45,021
32244,55.529790138,45,023
45650,57.134944108,45,025
33745,55.596729559,45,027
37677,35.662753112,45,029
66618,118.83322041,45,031
30479,75.244323087,45,033
162809,286.33614908,45,035
27260,54.43875086,45,037
22347,32.561333629,45,039
138293,172.75603372,45,041
62680,77.012500863,45,043
523542,666.82074767,45,045
70811,155.72329979,45,047
19222,34.326551968,45,049
354081,312.51662259,45,051
30073,45.901637101,45,053
66551,91.590862268,45,055
98012,178.50602283,45,057
67493,94.559181937,45,059
16828,41.025462569,45,061
298750,427.40105136,45,063
9463,26.349854655,45,065
30657,62.660178447,45,067
26118,54.426815956,45,069
38440,61.011636582,45,071
79546,126.96524257,45,073
86175,77.891551197,45,075
126884,255.31145916,45,077
415759,548.98298233,45,079
20473,45.19917996,45,081
319785,395.89874684,45,083
106721,160.46489451,45,085
27316,53.126302935,45,087
30368,32.508156833,45,089
280979,412.7959259,45,091
2751,3.8830703924,46,003
18453,14.660260714,46,005
3365,2.8405212241,46,007
6901,12.245598379,46,009
35077,44.276484068,46,011
38839,22.67268587,46,013
5297,6.4815654303,46,015
1962,4.1620245314,46,017
10429,4.6350751486,46,019
1376,1.875485167,46,021
9292,8.4666060845,46,023
3736,3.9014054697,46,025
14070,34.147945066,46,027
28009,40.735323883,46,029
4086,1.6544558133,46,031
8972,5.7625602343,46,033
19775,45.393685402,46,035
5424,5.2737273882,46,037
4351,6.986879309,46,039
5892,2.5589705808,46,041
2921,6.7646941259,46,043
3829,3.4005912475,46,045
6713,3.8582917107,46,047
2299,2.3418758909,46,049
7052,10.348580642,46,051
4185,4.1233571912,46,053
1899,1.0488576792,46,055
6164,12.158786094,46,057
3191,2.2211399913,46,059
3453,7.9454800548,46,061
1298,0.4858567019,46,063
17526,23.63501052,46,065
7291,8.9678730152,46,067
1301,1.5116843566,46,069
3344,1.7941044306,46,071
2013,3.8260312882,46,073
903,0.9312427751,46,075
4939,5.9346082998,46,077
12797,22.734403826,46,079
25844,32.302864805,46,081
61128,105.88729235,46,083
3781,2.3024741446,46,085
5586,9.7282275943,46,087
2379,2.0930046666,46,089
4935,5.88816908,46,091
28332,8.1626446059,46,093
2061,1.576501095,46,095
2216,3.8865583774,46,097
193134,239.37250132,46,099
6576,12.661166272,46,101
14177,6.7715855051,46,102
113775,40.973936642,46,103
2865,0.9980978405,46,105
2153,2.5001806169,46,107
10394,9.4400913755,46,109
2344,4.1177106828,46,111
6376,4.2407384952,46,115
3098,2.1447881755,46,117
1391,1.3817111662,46,119
10177,7.3289882057,46,121
5441,3.374351016,46,123
8384,13.586920554,46,125
15932,34.577896105,46,127
5435,7.6695990747,46,129
22814,43.772977624,46,135
2756,1.4052331729,46,137
76978,228.28363229,47,001
49713,104.95964575,47,003
16160,40.98337614,47,005
15064,37.06433432,47,007
133088,238.15910556,47,009
108110,328.83989693,47,011
39842,82.971393082,47,013
14678,55.25619499,47,015
27767,46.459712983,47,017
56391,165.24432053,47,019
40667,134.42534173,47,021
17297,60.534846847,47,023
31959,73.536559547,47,025
7615,32.193754529,47,027
36004,82.552409907,47,029
56520,131.75945428,47,031
14230,53.59129453,47,033
60520,88.825806199,47,035
694144,1378.7692334,47,037
11663,34.931930106,47,039
20490,67.309450223,47,041
53948,110.12082279,47,043
37159,72.526396216,47,045
41133,58.363280283,47,047
18523,37.14861942,47,049
42208,76.119714867,47,051
49133,81.51538059,47,053
29464,48.228005745,47,055
23320,83.111614359,47,057
69069,111.01328032,47,059
13427,37.251271703,47,061
64934,402.84412486,47,063
367804,678.14667411,47,065
6620,29.776382237,47,067
25050,37.51442128,47,069
25652,44.432267403,47,071
56786,116.59066506,47,073
17304,32.458755597,47,075
28117,54.070230938,47,077
32345,57.563381912,47,079
25178,41.108051519,47,081
8201,40.944879201,47,083
18582,35.010003502,47,085
11786,38.188431633,47,087
54495,198.11124463,47,089
17788,59.603257748,47,091
470313,925.21884364,47,093
7016,42.319864,47,095
25633,54.31098689,47,097
44142,71.527887217,47,099
12268,43.48936748,47,101
34366,60.255063763,47,103
54068,235.82484295,47,105
53794,125.06836258,47,107
25694,45.650486401,47,109
24602,80.099329604,47,111
97984,175.85889251,47,113
28907,58.016552538,47,115
34375,91.553849178,47,117
96387,157.20258709,47,119
12422,63.658447919,47,121
46545,73.209525718,47,123
208993,387.62353335,47,125
6488,50.207956065,47,127
21403,40.987789835,47,129
30069,55.187923342,47,131
22241,51.307400519,47,133
8076,19.471410669,47,135
5048,30.973353462,47,137
16832,38.729386759,47,139
80245,200.05917162,47,141
33167,105.16422054,47,143
53382,147.97193587,47,145
71813,150.76809409,47,147
332285,536.57837086,47,149
22068,41.457777877,47,151
15026,56.520385722,47,153
98250,165.82597205,47,155
937166,1227.364354,47,157
20157,64.133993695,47,159
13715,29.829738111,47,161
158348,383.02309985,47,163
191283,361.28118154,47,165
61599,134.3756967,47,167
11284,98.686671503,47,169
17883,96.112207583,47,171
19972,89.328927243,47,173
5872,21.47648435,47,175
41277,95.399882595,47,177
129375,396.25984285,47,179
16673,22.711881161,47,181
33328,57.427096917,47,183
27345,72.595115378,47,185
238412,409.03186847,47,187
144657,253.30079531,47,189
57735,54.332129287,48,001
18705,12.464006149,48,003
86715,108.69412151,48,005
23510,93.267957402,48,007
8553,9.4687283505,48,009
1887,2.0756584535,48,011
51153,41.944468269,48,013
30032,46.453807288,48,015
7000,8.4646169484,48,017
23112,29.218905059,48,019
88723,99.890257551,48,021
3509,4.0450468041,48,023
32565,36.995617217,48,025
362924,345.18530708,48,027
2003554,1615.3697451,48,029
11931,16.821952593,48,031
654,0.7287372551,48,033
18685,19.008512137,48,035
93245,105.36134777,48,037
374264,274.5339241,48,039
229211,391.05281168,48,041
9203,1.4882525732,48,043
1546,1.7177763975,48,045
7093,7.5189120099,48,047
37864,40.090958632,48,049
18443,27.98492027,48,051
48155,48.432225567,48,053
43664,80.082153069,48,055
21290,42.005446996,48,057
13943,15.503036229,48,059
423163,474.58866969,48,061
13094,66.858100108,48,063
5926,6.439660462,48,065
30026,32.045993415,48,067
7530,8.4186334778,48,069
43837,73.410033896,48,071
52646,49.998321227,48,073
7306,10.489428085,48,075
10471,9.6173804321,48,077
2853,3.6808994862,48,079
3387,3.7152563309,48,081
8175,6.4731226341,48,083
1034730,1229.7687086,48,085
2920,3.1793022339,48,087
21493,22.3818677,48,089
156209,279.18162034,48,091
13635,14.540076693,48,093
2726,2.7710147494,48,095
41257,47.160623334,48,097
75951,72.183136949,48,099
1398,1.5523613289,48,101
4797,6.110289723,48,103
3464,1.2339153571,48,105
5737,6.3730385172,48,107
2171,0.5694939354,48,109
7287,4.8478760867,48,111
2635516,3021.0825913,48,113
12728,14.137416564,48,115
18546,12.390252256,48,117
5331,20.756749454,48,119
887207,1008.6743153,48,121
20160,22.17879403,48,123
2211,2.4519694288,48,125
10124,7.6184187949,48,127
3278,3.5364956816,48,129
11157,6.2208760739,48,131
18360,19.816341085,48,133
166223,185.14231879,48,135
1932,0.9122369874,48,137
184826,197.53540232,48,139
839238,828.26593589,48,141
42698,39.419199755,48,143
17297,22.596724105,48,145
35514,39.865984721,48,147
25346,26.681861992,48,149
3830,4.260521797,48,151
5712,5.7572372388,48,153
1155,1.6397013696,48,155
811688,941.89227299,48,157
10725,37.71211127,48,159
19717,22.463610852,48,161
20306,17.914411486,48,163
21492,14.305452668,48,165
342139,902.97670615,48,167
6229,6.9721337513,48,169
26988,25.503644872,48,171
1409,1.5651770012,48,173
7658,8.988145465,48,175
20837,19.534326919,48,177
21886,23.635651549,48,179
136212,146.01970466,48,181
123945,453.37909142,48,183
28880,36.674567913,48,185
166847,234.58186897,48,187
33406,33.250384565,48,189
2964,3.3548691802,48,191
8461,10.121847605,48,193
5399,5.8696910124,48,195
3933,5.6580632326,48,197
57602,64.678613345,48,199
4713325,2762.5492191,48,201
66553,73.943031064,48,203
5576,3.814081359,48,205
5658,6.2648575269,48,207
230191,339.50235229,48,209
3819,4.2139012929,48,211
82737,94.6913653,48,213
868707,553.02896385,48,215
36649,38.22157088,48,217
23021,25.342588379,48,219
61643,146.52184064,48,221
37084,48.322452085,48,223
22968,18.657980077,48,225
36664,40.701983212,48,227
4886,1.0690237627,48,229
98594,117.31580879,48,231
20938,23.594229205,48,233
1536,1.4607093906,48,235
8935,9.8085490643,48,237
14760,17.795080504,48,239
35529,37.850964854,48,241
2274,1.0041704612,48,243
251565,287.05274407,48,245
5200,4.5767673443,48,247
40482,46.790818631,48,249
175817,242.49884518,48,251
20083,21.627863961,48,253
15601,20.870985987,48,255
136154,174.40218792,48,257
47431,71.598945495,48,259
404,0.2770058497,48,261
762,0.8443148759,48,263
52600,47.673994342,48,265
4337,3.4668682783,48,267
272,0.2986147935,48,269
3667,2.6962148766,48,271
30680,34.811964901,48,273
3664,4.3074404297,48,275
49859,54.959455356,48,277
12893,12.687695533,48,279
21428,30.059982974,48,281
7520,5.0581686572,48,283
20154,20.783549883,48,285
17239,27.406054534,48,287
17404,16.217581225,48,289
88219,76.159621626,48,291
23437,25.884934893,48,293
3233,3.468088415,48,295
12207,11.740946169,48,297
21795,23.333797622,48,299
169,0.2526846656,48,301
310569,346.7721136,48,303
5951,6.6725194955,48,305
7984,7.4924861882,48,307
256623,247.43116597,48,309
743,0.6518692887,48,311
14284,30.648067902,48,313
9854,25.871391119,48,315
5771,6.3074083925,48,317
4274,4.6014581538,48,319
36643,33.528159616,48,321
58722,45.895486045,48,323
51584,38.920780674,48,325
2138,2.3702184395,48,327
176832,196.40196428,48,329
24823,24.409933651,48,331
4873,6.5128365613,48,333
8545,9.3788807722,48,335
19818,21.288944603,48,337
607391,582.74698473,48,339
20940,23.274474875,48,341
12388,49.160835028,48,343
1200,1.2126528967,48,345
65204,68.885415109,48,347
50113,49.634141212,48,349
13595,14.560708064,48,351
14714,16.133821887,48,353
362294,432.17903384,48,355
9836,10.718279654,48,357
2112,1.4075090488,48,359
83396,249.84889377,48,361
29189,30.643040382,48,363
23194,28.586730602,48,365
142878,158.09984849,48,367
9605,10.90461678,48,369
15823,3.3214837841,48,371
51353,48.5816704,48,373
117415,129.25618245,48,375
6704,1.7389263549,48,377
12514,54.538367195,48,379
137713,151.01212562,48,381
3849,3.2748695632,48,383
3452,4.9373619627,48,385
12023,11.517649526,48,387
15976,6.0621844896,48,389
6948,9.0177027379,48,391
854,0.9241846788,48,393
17074,19.967069855,48,395
104915,825.36062823,48,397
10264,9.7652845149,48,399
54406,58.87860041,48,401
10542,21.439459374,48,403
8237,15.522268573,48,405
28859,50.697163261,48,407
66730,96.230941374,48,409
6055,5.3333307745,48,411
2793,2.1310173264,48,413
16703,18.447292328,48,415
3265,3.57109341,48,417
25274,31.767655706,48,419
3022,3.2746038482,48,421
232751,252.58577796,48,423
9128,48.95219302,48,425
64633,52.840176094,48,427
9366,10.444717572,48,429
1291,1.3980192646,48,431
1350,1.4732963018,48,433
3776,2.5970895709,48,435
7397,8.3097457203,48,437
2102515,2434.4302532,48,439
138034,150.76844719,48,441
776,0.3290983741,48,443
12337,13.879898312,48,445
1501,1.6448372763,48,447
32750,80.652548179,48,449
119200,78.317929694,48,451
1273954,1283.9265476,48,453
14651,21.117142815,48,455
21672,23.444653034,48,457
41753,71.619969175,48,459
3657,2.9460512889,48,461
26741,17.230907221,48,463
49025,15.589476621,48,465
56590,67.163501378,48,467
92084,104.39103856,48,469
72971,93.048938054,48,471
55246,107.63803501,48,473
11998,14.358497738,48,475
35882,59.388218198,48,477
276652,82.300711375,48,479
41556,38.259883776,48,481
5056,5.5285053719,48,483
132230,210.69366196,48,485
12769,13.151093865,48,487
21358,36.163100451,48,489
590551,528.06043458,48,491
51070,63.540878886,48,493
8010,9.5213322415,48,495
69984,77.38222196,48,497
45539,70.576539615,48,499
8713,10.89513022,48,501
18010,19.693857231,48,503
14179,14.201545914,48,505
11840,9.1258940976,48,507
6710,2.5978544162,49,001
56046,9.754606799,49,003
128289,110.14476045,49,005
20463,13.83398268,49,007
950,1.3630111895,49,009
355481,1188.6425946,49,011
19938,6.1625590916,49,013
10012,2.2436977594,49,015
5051,0.9760106343,49,017
9754,2.6557803164,49,019
54839,16.63634295,49,021
12017,3.5430830948,49,023
7886,1.9764677901,49,025
13188,1.9435561113,49,027
12124,19.902535509,49,029
1479,1.9500600175,49,031
2483,2.4133815766,49,033
1160437,1563.7909353,49,035
15308,1.9575843226,49,037
30939,19.459338557,49,039
21620,11.316802821,49,041
42145,22.530456613,49,043
72259,10.409040896,49,045
35734,7.9720978547,49,047
636235,317.47180642,49,049
34091,28.963952129,49,051
177556,73.145411344,49,053
2711,1.1015759028,49,055
260213,451.5456437,49,057
36777,47.991200971,50,001
35470,52.548430542,50,003
29993,46.212791143,50,005
163774,305.21506861,50,007
6163,9.2872322452,50,009
49402,77.906075915,50,011
7235,88.438827029,50,013
25362,55.270513776,50,015
28892,42.053568485,50,017
27037,38.982170228,50,019
58191,62.583169139,50,021
58409,85.015103457,50,023
42222,53.751162248,50,025
55062,56.789630979,50,027
32316,71.923561531,51,001
109330,151.74823151,51,003
14860,33.275919292,51,005
13145,36.990608718,51,007
31605,66.682629736,51,009
15911,47.606548078,51,011
236842,9110.2137123,51,013
75558,78.13057894,51,015
4147,7.836331572,51,017
78997,103.93210864,51,019
6280,17.559027043,51,021
33419,61.741048975,51,023
16231,28.664847282,51,025
21004,41.769544661,51,027
17148,29.584770513,51,029
54885,109.07035122,51,031
30725,58.234332607,51,033
29791,62.751656738,51,035
6963,38.069761966,51,036
11880,24.994967113,51,037
352802,832.9516176,51,041
14619,83.094170867,51,043
5131,15.638609565,51,045
52605,138.73110888,51,047
9932,33.384680579,51,049
14318,43.328718768,51,051
28544,56.64794257,51,053
10953,42.604057261,51,057
1147532,2934.8116361,51,059
71222,109.90946311,51,061
15749,41.344329308,51,063
27270,94.978596256,51,065
56042,81.14712084,51,067
89313,216.16593192,51,069
16720,46.80539791,51,071
37348,171.47072076,51,073
23753,84.641503328,51,075
15550,35.198087218,51,077
19819,127.09930386,51,079
11336,38.397563716,51,081
33911,41.469634322,51,083
107766,230.32549044,51,085
330818,1415.7121477,51,087
50557,132.22665565,51,089
2190,5.2750379552,51,091
37109,117.55260414,51,093
76523,537.51192904,51,095
7025,22.290055024,51,097
26836,149.39775014,51,099
17148,62.600480979,51,101
10603,79.543888345,51,103
23423,53.799294298,51,105
413538,801.79464032,51,107
37591,75.768093728,51,109
12196,28.251103096,51,111
13261,41.358210649,51,113
8834,102.82827026,51,115
30587,48.914969459,51,117
10582,81.193649014,51,119
98535,254.71501409,51,121
14930,31.715668352,51,125
23091,109.93842635,51,127
11710,55.309166175,51,131
12095,63.178969227,51,133
15232,48.449422448,51,135
37051,108.61835795,51,137
23902,77.098095864,51,139
17608,36.45892739,51,141
60354,62.284648801,51,143
29652,113.95633117,51,145
22802,65.155746788,51,147
38353,144.54183668,51,149
470335,1400.8710868,51,153
34027,106.38817573,51,155
7370,27.668047536,51,157
9023,47.122935316,51,159
94186,375.92578025,51,161
22573,37.839714209,51,163
81948,96.433336892,51,165
26586,56.145042895,51,167
21566,40.248041999,51,169
43616,85.846098474,51,171
30104,66.697624633,51,173
17631,29.424441602,51,175
136215,339.26237221,51,177
152882,567.90220642,51,179
6422,23.022091656,51,181
11159,22.762978693,51,183
40595,78.249267481,51,185
40164,187.21489164,51,187
53740,95.765776812,51,191
18015,78.556408503,51,193
37383,92.660763644,51,195
28684,62.096785122,51,197
68280,652.71795258,51,199
159428,10675.366948,51,510
16762,1299.0170625,51,520
6478,1006.1886551,51,530
47266,4613.7166166,51,540
244835,723.2717246,51,550
17370,2310.0156938,51,570
5538,1012.6739301,51,580
40044,935.66625274,51,590
5346,774.34264693,51,595
24019,3848.9120106,51,600
14617,7142.6383443,51,610
7967,962.50702174,51,620
29036,2778.3805955,51,630
6347,770.60731623,51,640
134510,2613.9697686,51,650
53016,3057.5760128,51,660
22529,2175.7981762,51,670
7446,2979.3064496,51,678
82168,1677.7821337,51,680
41085,4171.3780986,51,683
17478,6923.0395532,51,685
12554,1145.8278262,51,690
179225,2597.7568184,51,700
242742,4556.4021573,51,710
3981,532.41154939,51,720
31346,1379.6479406,51,730
12271,797.78266605,51,735
94398,2834.721871,51,740
18249,1885.9311257,51,750
230436,3845.5317317,51,760
99143,2331.6121525,51,770
25301,1742.6745676,51,775
24932,1251.5759071,51,790
92108,230.75835845,51,800
449974,1838.7105589,51,810
22630,1511.7105693,51,820
14954,1672.647896,51,830
28078,3054.3143844,51,840
19983,10.380837609,53,001
22582,35.502075007,53,003
204390,120.22256331,53,005
77200,26.427687744,53,007
77331,44.476761586,53,009
488241,776.85533336,53,011
3985,4.5879216491,53,013
110593,96.91166412,53,015
43429,23.871752122,53,017
7627,3.4617223747,53,019
95222,76.693229865,53,021
2225,3.1301202931,53,023
97733,36.474335196,53,025
75061,39.475394474,53,027
85141,408.32643903,53,029
32221,17.863595903,53,031
2252782,1065.0027467,53,033
271473,687.05358709,53,035
47935,20.865716698,53,037
22425,11.981493479,53,039
80707,33.58896436,53,041
10939,4.7342721583,53,043
66768,69.582170877,53,045
42243,8.0215523802,53,047
22471,24.068951795,53,049
13724,9.8010458574,53,051
904980,542.53805418,53,053
17582,101.09730097,53,055
129205,74.675423726,53,057
12083,7.2864564275,53,059
822083,393.99641884,53,061
522798,296.38858142,53,063
45723,18.456077462,53,065
290536,402.13160725,53,067
4488,17.069749783,53,069
60760,47.841294958,53,071
229247,108.75731788,53,073
50104,23.204230903,53,075
250873,58.417117784,53,077
16441,48.205754071,54,001
119171,371.07751753,54,003
21457,42.782731993,54,005
13957,27.327303933,54,007
21939,245.96476615,54,009
91945,327.18359953,54,011
7109,25.457517196,54,013
8508,24.881649357,54,015
8448,26.422882775,54,017
42406,64.09488481,54,019
7823,23.110606566,54,021
11568,24.232662101,54,023
34662,33.988583529,54,025
23175,36.188205303,54,027
28810,348.75006828,54,029
13776,23.657252066,54,031
67256,161.67008701,54,033
28576,61.538550758,54,035
57146,273.03969604,54,037
178124,197.5573514,54,039
15907,41.110906441,54,041
20409,46.698195797,54,043
32019,70.562171378,54,045
17624,33.03730782,54,047
56072,181.60788067,54,049
30531,99.960274273,54,051
26516,61.555265792,54,053
58758,140.24667584,54,055
26868,81.947764823,54,057
23424,55.35760939,54,059
105612,293.29254704,54,061
13275,28.080152586,54,063
17884,78.071294153,54,065
24496,37.869888577,54,067
41411,391.2966157,54,069
6969,10.012220055,54,071
7460,57.331976996,54,073
8247,8.7711776211,54,075
33432,51.527891925,54,077
56450,163.30210871,54,079
73361,121.18616658,54,081
28695,27.599304137,54,083
9554,21.137632721,54,085
13688,28.306549378,54,087
12573,34.867616067,54,089
16695,96.630749722,54,091
6839,16.320465234,54,093
8591,33.519079787,54,095
24176,68.17101728,54,097
39402,77.868567064,54,099
8114,14.660226516,54,101
15065,42.0731367,54,103
5821,25.035358909,54,105
83518,227.87494876,54,107
20394,40.831293511,54,109
20220,31.317458753,55,001
15562,14.892202742,55,003
45244,52.42390731,55,005
15036,10.174075545,55,007
264542,499.04876688,55,009
13031,19.282602889,55,011
15414,18.761847345,55,013
50089,157.37345546,55,015
64658,64.122230779,55,017
34774,28.746068785,55,019
57532,75.151541441,55,021
16131,28.267875038,55,023
546695,456.91738082,55,025
87839,100.30751685,55,027
27668,57.40694055,55,029
43150,33.083066459,55,031
45368,53.3640464,55,033
104646,164.04190404,55,035
4295,8.799013496,55,037
103403,143.7019072,55,039
9004,8.8775525395,55,041
51439,44.85129779,55,043
36960,63.282897589,55,045
18913,54.10763675,55,047
23678,31.045033631,55,049
5687,7.5005740842,55,051
20643,20.895524299,55,053
84769,152.32759668,55,055
26687,34.790346726,55,057
169561,623.74150741,55,059
20434,59.669323314,55,061
118016,261.23077678,55,063
16665,26.302579724,55,065
19189,22.038632187,55,067
27593,31.401931117,55,069
78981,134.02408587,55,071
135692,87.816412897,55,073
40350,28.83243346,55,075
15574,34.175105158,55,077
4556,12.739971429,55,078
945726,3916.3431575,55,079
46253,51.34067194,55,081
37930,38.025778939,55,083
35595,31.954080063,55,085
187885,294.6853283,55,087
89221,382.89278435,55,089
7287,31.408579617,55,091
42754,74.481945647,55,093
43783,47.885862798,55,095
70772,88.368284175,55,097
13351,10.646262077,55,099
196311,590.2498348,55,101
17252,29.432762407,55,103
163354,227.46671712,55,105
14178,15.519620134,55,107
90687,125.52631489,55,109
64442,77.496909458,55,111
16558,13.166078145,55,113
40899,45.788020945,55,115
115340,225.48135799,55,117
20343,20.863517704,55,119
29649,40.448593978,55,121
30822,38.938207058,55,123
22195,25.877126818,55,125
103868,187.00830568,55,127
15720,19.721141206,55,129
136034,315.88521545,55,131
404198,735.27858448,55,133
50990,68.196382028,55,135
24443,39.036243568,55,137
171907,395.46405314,55,139
72999,92.052392838,55,141
38880,9.0961689364,56,001
11790,3.7584190299,56,003
46341,9.650222492,56,005
14800,1.8739388557,56,007
13822,3.2484416241,56,009
7584,2.6568762127,56,011
39261,4.2751253555,56,013
13211,5.9358922451,56,015
4413,2.2016243943,56,017
8445,2.0329058227,56,019
99500,37.045810193,56,021
19830,4.8658553535,56,023
79858,14.953176216,56,025
2356,0.8971725038,56,027
29194,4.2072108313,56,029
8393,4.0322880951,56,031
30485,12.08110855,56,033
9831,2.0118769607,56,035
42343,4.0609072002,56,037
23464,5.8706283557,56,039
20226,9.7160005674,56,041
7805,3.4864388683,56,043
6927,2.8886512178,56,045
17363,,72,001
36694,,72,003
50265,,72,005
24814,,72,007
22108,,72,009
26161,,72,011
81966,,72,013
17238,,72,015
23727,,72,017
27725,,72,019
169269,,72,021
47515,,72,023
124606,,72,025
30504,,72,027
44674,,72,029
146984,,72,031
23121,,72,033
42409,,72,035
10904,,72,037
15808,,72,039
38307,,72,041
38336,,72,043
18648,,72,045
32293,,72,047
1714,,72,049
36141,,72,051
29454,,72,053
11317,,72,054
15383,,72,055
39465,,72,057
17623,,72,059
83728,,72,061
47093,,72,063
39218,,72,065
15518,,72,067
50653,,72,069
40423,,72,071
13891,,72,073
44679,,72,075
38155,,72,077
22010,,72,079
24276,,72,081
7927,,72,083
37007,,72,085
24553,,72,087
17665,,72,089
37287,,72,091
5430,,72,093
10321,,72,095
71530,,72,097
34891,,72,099
30335,,72,101
25761,,72,103
27349,,72,105
20220,,72,107
16211,,72,109
19249,,72,111
131881,,72,113
22918,,72,115
13656,,72,117
48025,,72,119
21712,,72,121
27128,,72,123
30227,,72,125
318441,,72,127
35989,,72,129
35528,,72,131
21209,,72,133
72025,,72,135
74271,,72,137
63674,,72,139
27395,,72,141
36061,,72,143
50023,,72,145
8386,,72,147
21372,,72,149
32282,,72,151
33575,,72,153
